month,casos_workbook,casos_DATASUS,difference_DATASUS_minus_workbook
2001-01,8088,5647,-2441
2001-02,6542,4720,-1822
2001-03,8095,5913,-2182
2001-04,7305,5458,-1847
2001-05,7656,5631,-2025
2001-06,6805,5038,-1767
2001-07,6987,5182,-1805
2001-08,8065,6095,-1970
2001-09,6697,4988,-1709
2001-10,7524,5649,-1875
2001-11,6874,5193,-1681
2001-12,6627,4826,-1801
2002-01,8013,5737,-2276
2002-02,7346,5358,-1988
2002-03,7961,6019,-1942
2002-04,8771,6927,-1844
2002-05,7784,6199,-1585
2002-06,6713,5307,-1406
2002-07,7746,6127,-1619
2002-08,8330,6501,-1829
2002-09,7654,6259,-1395
2002-10,8200,6738,-1462
2002-11,7532,6288,-1244
2002-12,6809,5726,-1083
2003-01,8115,6451,-1664
2003-02,7985,6424,-1561
2003-03,7474,6014,-1460
2003-04,7975,6528,-1447
2003-05,8024,6527,-1497
2003-06,7082,5698,-1384
2003-07,7949,6580,-1369
2003-08,7585,6340,-1245
2003-09,8136,6748,-1388
2003-10,8521,7092,-1429
2003-11,7624,6371,-1253
2003-12,7303,6287,-1016
2004-01,7574,6019,-1555
2004-02,6743,5439,-1304
2004-03,8574,6949,-1625
2004-04,8089,6653,-1436
2004-05,7763,6405,-1358
2004-06,7314,5933,-1381
2004-07,7825,6523,-1302
2004-08,8232,6718,-1514
2004-09,7901,6651,-1250
2004-10,8016,6763,-1253
2004-11,7753,6530,-1223
2004-12,7196,6109,-1087
2005-01,7432,5969,-1463
2005-02,6748,5525,-1223
2005-03,8441,6888,-1553
2005-04,7958,6606,-1352
2005-05,8019,6502,-1517
2005-06,7781,6497,-1284
2005-07,7282,6014,-1268
2005-08,8391,6927,-1464
2005-09,7690,6487,-1203
2005-10,7186,6062,-1124
2005-11,7587,6255,-1332
2005-12,7541,6415,-1126
2006-01,7385,6007,-1378
2006-02,6687,5501,-1186
2006-03,8132,6621,-1511
2006-04,6804,5703,-1101
2006-05,7593,6268,-1325
2006-06,6984,5707,-1277
2006-07,7101,5917,-1184
2006-08,7722,6513,-1209
2006-09,6793,5836,-957
2006-10,7005,5866,-1139
2006-11,6674,5644,-1030
2006-12,6151,5329,-822
2007-01,7342,5797,-1545
2007-02,6204,4963,-1241
2007-03,8115,6700,-1415
2007-04,7266,5975,-1291
2007-05,7368,6050,-1318
2007-06,6591,5486,-1105
2007-07,7184,5876,-1308
2007-08,7564,6333,-1231
2007-09,6712,5622,-1090
2007-10,7465,6365,-1100
2007-11,6695,5604,-1091
2007-12,6094,5140,-954
2008-01,7355,5915,-1440
2008-02,6646,5392,-1254
2008-03,7278,5941,-1337
2008-04,7612,6332,-1280
2008-05,6895,5657,-1238
2008-06,6929,5768,-1161
2008-07,7688,6329,-1359
2008-08,7797,6510,-1287
2008-09,7631,6455,-1176
2008-10,7564,6329,-1235
2008-11,6799,5783,-1016
2008-12,6574,5539,-1035
2009-01,7113,5702,-1411
2009-02,6452,5261,-1191
2009-03,8146,6602,-1544
2009-04,7514,6292,-1222
2009-05,7168,5968,-1200
2009-06,6702,5555,-1147
2009-07,7443,6212,-1231
2009-08,7368,6122,-1246
2009-09,7388,6142,-1246
2009-10,7285,6151,-1134
2009-11,7016,5884,-1132
2009-12,6723,5748,-975
2010-01,6912,5487,-1425
2010-02,6403,5098,-1305
2010-03,8308,6643,-1665
2010-04,7049,5806,-1243
2010-05,6973,5647,-1326
2010-06,6621,5322,-1299
2010-07,7128,5861,-1267
2010-08,7389,6029,-1360
2010-09,7165,5895,-1270
2010-10,7210,5947,-1263
2010-11,7047,5716,-1331
2010-12,7176,6078,-1098
2011-01,7112,5634,-1478
2011-02,7269,5844,-1425
2011-03,7484,6105,-1379
2011-04,7558,6225,-1333
2011-05,7688,6291,-1397
2011-06,6940,5628,-1312
2011-07,7079,5762,-1317
2011-08,7992,6466,-1526
2011-09,7386,6132,-1254
2011-10,6994,5690,-1304
2011-11,7375,5936,-1439
2011-12,6936,5884,-1052
2012-01,7375,5769,-1606
2012-02,6774,5371,-1403
2012-03,7882,6438,-1444
2012-04,6927,5599,-1328
2012-05,7586,6140,-1446
2012-06,6787,5568,-1219
2012-07,7255,5796,-1459
2012-08,8014,6472,-1542
2012-09,6734,5530,-1204
2012-10,7606,6252,-1354
2012-11,6941,5745,-1196
2012-12,6302,5264,-1038
2013-01,7502,5949,-1553
2013-02,6209,5050,-1159
2013-03,7102,5691,-1411
2013-04,7696,6133,-1563
2013-05,6996,5689,-1307
2013-06,6953,5529,-1424
2013-07,7379,5924,-1455
2013-08,7931,6486,-1445
2013-09,7377,5977,-1400
2013-10,7789,6239,-1550
2013-11,6939,5737,-1202
2013-12,6335,5069,-1266
2014-01,7670,6041,-1629
2014-02,7040,5663,-1377
2014-03,6754,5189,-1565
2014-04,7260,5755,-1505
2014-05,7177,5705,-1472
2014-06,6322,5039,-1283
2014-07,7516,5993,-1523
2014-08,7124,5791,-1333
2014-09,7505,5998,-1507
2014-10,7470,6057,-1413
2014-11,6905,5583,-1322
2014-12,6470,5292,-1178
2015-01,7111,5450,-1661
2015-02,6160,4831,-1329
2015-03,7833,6168,-1665
2015-04,6880,5496,-1384
2015-05,6893,5330,-1563
2015-06,6916,5577,-1339
2015-07,7531,5953,-1578
2015-08,7463,5918,-1545
2015-09,7189,5815,-1374
2015-10,7345,5918,-1427
2015-11,7287,5803,-1484
2015-12,6844,5659,-1185
2016-01,7116,5427,-1689
2016-02,6800,5239,-1561
2016-03,8067,6318,-1749
2016-04,7360,5903,-1457
2016-05,7315,5743,-1572
2016-06,7527,5847,-1680
2016-07,6991,5633,-1358
2016-08,7702,6086,-1616
2016-09,7030,5638,-1392
2016-10,6588,5201,-1387
2016-11,7039,5577,-1462
2016-12,6672,5499,-1173
2017-01,7581,5790,-1791
2017-02,6842,5438,-1404
2017-03,8706,6758,-1948
2017-04,6792,5385,-1407
2017-05,8115,6248,-1867
2017-06,7405,5835,-1570
2017-07,7238,5678,-1560
2017-08,8128,6459,-1669
2017-09,7462,5908,-1554
2017-10,7830,6137,-1693
2017-11,7468,5892,-1576
2017-12,7027,5698,-1329
2018-01,7990,6031,-1959
2018-02,6849,5323,-1526
2018-03,7956,6299,-1657
2018-04,8149,6330,-1819
2018-05,7912,6224,-1688
2018-06,7751,6044,-1707
2018-07,8134,6322,-1812
2018-08,8934,7085,-1849
2018-09,7673,6173,-1500
2018-10,8722,7016,-1706
2018-11,7725,6180,-1545
2018-12,6940,5578,-1362
2019-01,8358,6469,-1889
2019-02,7769,6077,-1692
2019-03,7656,5878,-1778
2019-04,8271,6524,-1747
2019-05,8394,6584,-1810
2019-06,7374,5736,-1638
2019-07,8423,6619,-1804
2019-08,8237,6526,-1711
2019-09,8169,6433,-1736
2019-10,8619,6775,-1844
2019-11,7647,6058,-1589
2019-12,7267,5877,-1390
2020-01,8745,6670,-2075
2020-02,7448,5718,-1730
2020-03,8638,6664,-1974
2020-04,6243,4758,-1485
2020-05,5660,4311,-1349
2020-06,6502,4915,-1587
2020-07,7127,5477,-1650
2020-08,7087,5449,-1638
2020-09,7550,5822,-1728
2020-10,7539,5885,-1654
2020-11,7159,5452,-1707
2020-12,6716,5374,-1342
2021-01,6948,5154,-1794
2021-02,6815,5081,-1734
2021-03,7592,5803,-1789
2021-04,7006,5296,-1710
2021-05,7022,5310,-1712
2021-06,7379,5537,-1842
2021-07,7803,5959,-1844
2021-08,8378,6309,-2069
2021-09,8406,6375,-2031
2021-10,7989,6185,-1804
2021-11,8306,6228,-2078
2021-12,8132,6198,-1934
2022-01,8022,5590,-2432
2022-02,8262,6252,-2010
2022-03,9563,7244,-2319
2022-04,8215,6186,-2029
2022-05,8932,6724,-2208
2022-06,8135,6032,-2103
2022-07,8647,6542,-2105
2022-08,9445,7109,-2336
2022-09,8625,6596,-2029
2022-10,8404,6448,-1956
2022-11,7829,6177,-1652
2022-12,7727,6243,-1484
