model,baseline,horizon,metric,error_model,error_baseline,skill,n_forecasts
fractional,persistence,1,RMSE,688.8578857553218,389.7022532060165,-0.7676517907920755,13
fractional,persistence,1,MAE,602.5973606917184,318.9230769230769,-0.8894755641563774,13
fractional,persistence,2,RMSE,747.0053042553683,494.2705581110255,-0.5113287489957521,13
fractional,persistence,2,MAE,659.0569959776118,408.15384615384613,-0.6147269030736815,13
fractional,persistence,3,RMSE,975.0267389425104,709.9985915478987,-0.3732798213258594,13
fractional,persistence,3,MAE,809.63031122932,505.6923076923077,-0.6010334721602009,13
fractional,persistence,4,RMSE,1008.4322033920332,720.2873892252475,-0.4000414535602503,13
fractional,persistence,4,MAE,856.3126277660306,557.7692307692307,-0.5352453676676869,13
fractional,persistence,5,RMSE,1109.6505710997378,832.4766108980526,-0.3329510482014355,13
fractional,persistence,5,MAE,968.7991868188928,699.9230769230769,-0.3841509428119141,13
fractional,persistence,6,RMSE,1138.3234637901714,845.8559615515562,-0.3457651367759367,13
fractional,persistence,6,MAE,1024.0269666642953,712.4615384615385,-0.4373084179049706,13
fractional,persistence,7,RMSE,1203.4520958544897,964.205930765351,-0.248127663868686,13
fractional,persistence,7,MAE,1125.6744366139353,847.8461538461538,-0.3276871417148574,13
fractional,persistence,8,RMSE,1351.2267887679975,1077.2492033665403,-0.2543307384635256,13
fractional,persistence,8,MAE,1256.1176627077198,943.5384615384615,-0.3312840058046924,13
fractional,persistence,9,RMSE,1369.8317017734057,1120.3573949002578,-0.2226738610453478,13
fractional,persistence,9,MAE,1279.2813121054428,979.1538461538462,-0.3065171700346261,13
fractional,persistence,10,RMSE,1378.6258893922811,1170.2940787550926,-0.178016632245805,13
fractional,persistence,10,MAE,1283.3204590165271,974.6923076923076,-0.3166416200153779,13
fractional,persistence,11,RMSE,1372.8905130346038,1175.945675092702,-0.1674778368706329,13
fractional,persistence,11,MAE,1275.2360772698255,971.6153846153846,-0.312490618676885,13
fractional,persistence,12,RMSE,1355.9841353776092,1152.9582019243437,-0.1760913215365529,13
fractional,persistence,12,MAE,1234.9520311927458,1016.1538461538462,-0.2153199398566008,13
fractional,seasonal_naive_12,1,RMSE,688.8578857553218,1090.6381335995632,0.3683900603385268,13
fractional,seasonal_naive_12,1,MAE,602.5973606917184,1029.8461538461538,0.4148666201828249,13
fractional,seasonal_naive_12,2,RMSE,747.0053042553683,1049.8347855367897,0.2884544172601235,13
fractional,seasonal_naive_12,2,MAE,659.0569959776118,1002.9230769230768,0.3428638634983162,13
fractional,seasonal_naive_12,3,RMSE,975.0267389425104,1170.5403748828014,0.1670285281358762,13
fractional,seasonal_naive_12,3,MAE,809.63031122932,1105.8461538461538,0.2678635193390957,13
fractional,seasonal_naive_12,4,RMSE,1008.4322033920332,1182.5561297460683,0.1472436884593587,13
fractional,seasonal_naive_12,4,MAE,856.3126277660306,1118.3846153846157,0.2343308232369216,13
fractional,seasonal_naive_12,5,RMSE,1109.6505710997378,1278.389551800955,0.1319933978367571,13
fractional,seasonal_naive_12,5,MAE,968.7991868188928,1206.6153846153843,0.1970936230622462,13
fractional,seasonal_naive_12,6,RMSE,1138.3234637901714,1239.1724906317368,0.0813841717791459,13
fractional,seasonal_naive_12,6,MAE,1024.0269666642953,1160.0,0.1172181321859523,13
fractional,seasonal_naive_12,7,RMSE,1203.4520958544897,1237.4084892349692,0.0274415390518885,13
fractional,seasonal_naive_12,7,MAE,1125.6744366139353,1157.4615384615386,0.0274627715836274,13
fractional,seasonal_naive_12,8,RMSE,1351.2267887679975,1258.4132255161046,-0.0737544404095307,13
fractional,seasonal_naive_12,8,MAE,1256.1176627077198,1187.5384615384614,-0.0577490358336805,13
fractional,seasonal_naive_12,9,RMSE,1369.8317017734057,1207.9267043479597,-0.1340354483783372,13
fractional,seasonal_naive_12,9,MAE,1279.2813121054428,1105.076923076923,-0.1576400568961962,13
fractional,seasonal_naive_12,10,RMSE,1378.6258893922811,1189.9456677965145,-0.1585620475808413,13
fractional,seasonal_naive_12,10,MAE,1283.3204590165271,1071.1538461538462,-0.1980729599436159,13
fractional,seasonal_naive_12,11,RMSE,1372.8905130346038,1190.7543827339036,-0.1529586058566723,13
fractional,seasonal_naive_12,11,MAE,1275.2360772698255,1073.2307692307693,-0.1882216889698778,13
fractional,seasonal_naive_12,12,RMSE,1355.9841353776092,1152.9582019243437,-0.1760913215365529,13
fractional,seasonal_naive_12,12,MAE,1234.9520311927458,1016.1538461538462,-0.2153199398566008,13
fractional,SARIMA,1,RMSE,688.8578857553218,535.5474099013728,-0.2862687280705602,13
fractional,SARIMA,1,MAE,602.5973606917184,443.75531032457945,-0.3579496327626048,13
fractional,SARIMA,2,RMSE,747.0053042553683,595.8271489669029,-0.2537282088447821,13
fractional,SARIMA,2,MAE,659.0569959776118,479.89175759456066,-0.373345104490042,13
fractional,SARIMA,3,RMSE,975.0267389425104,725.7840762087603,-0.343411588796086,13
fractional,SARIMA,3,MAE,809.63031122932,629.7906718034269,-0.285554625493128,13
fractional,SARIMA,4,RMSE,1008.4322033920332,841.7129415623646,-0.1980714013024547,13
fractional,SARIMA,4,MAE,856.3126277660306,712.3437696016268,-0.2021058712213026,13
fractional,SARIMA,5,RMSE,1109.6505710997378,939.6535498611166,-0.1809145735295176,13
fractional,SARIMA,5,MAE,968.7991868188928,846.6801357904603,-0.1442328051247146,13
fractional,SARIMA,6,RMSE,1138.3234637901714,1022.4205466077988,-0.1133612949846487,13
fractional,SARIMA,6,MAE,1024.0269666642953,941.781720493969,-0.0873294144286302,13
fractional,SARIMA,7,RMSE,1203.4520958544897,1096.024089582696,-0.0980160995482279,13
fractional,SARIMA,7,MAE,1125.6744366139353,994.9613849980556,-0.1313749996600473,13
fractional,SARIMA,8,RMSE,1351.2267887679975,1161.5784418864696,-0.1632677915178317,13
fractional,SARIMA,8,MAE,1256.1176627077198,1080.8371616388647,-0.1621710534111158,13
fractional,SARIMA,9,RMSE,1369.8317017734057,1213.9590975945955,-0.128400210919515,13
fractional,SARIMA,9,MAE,1279.2813121054428,1113.7148738801668,-0.1486614232316434,13
fractional,SARIMA,10,RMSE,1378.6258893922811,1242.8052137492132,-0.1092855695651076,13
fractional,SARIMA,10,MAE,1283.3204590165271,1120.1467920642776,-0.1456716817012373,13
fractional,SARIMA,11,RMSE,1372.8905130346038,1291.7963394529736,-0.0627762837723866,13
fractional,SARIMA,11,MAE,1275.2360772698255,1170.939613753741,-0.0890707448027454,13
fractional,SARIMA,12,RMSE,1355.9841353776092,1283.5829386002322,-0.0564055462254209,13
fractional,SARIMA,12,MAE,1234.9520311927458,1127.155185854274,-0.0956362058138182,13
integer,persistence,1,RMSE,1185.7961452738227,389.7022532060165,-2.042825992199102,13
integer,persistence,1,MAE,1052.2441001777142,318.9230769230769,-2.299366450147198,13
integer,persistence,2,RMSE,1281.0705766942465,494.2705581110255,-1.5918407553752898,13
integer,persistence,2,MAE,1164.036880504358,408.15384615384613,-1.851956171608868,13
integer,persistence,3,RMSE,1530.8819375378198,709.9985915478987,-1.1561760202936149,13
integer,persistence,3,MAE,1386.1562181595857,505.6923076923077,-1.7411059987944348,13
integer,persistence,4,RMSE,1574.963502449497,720.2873892252475,-1.186576533213434,13
integer,persistence,4,MAE,1444.8331388520578,557.7692307692307,-1.5903779899430082,13
integer,persistence,5,RMSE,1710.9663217874263,832.4766108980526,-1.0552725438636452,13
integer,persistence,5,MAE,1603.760149316074,699.9230769230769,-1.291337722948562,13
integer,persistence,6,RMSE,1770.6973516166754,845.8559615515562,-1.0933792892689196,13
integer,persistence,6,MAE,1700.168169700039,712.4615384615385,-1.3863297566508863,13
integer,persistence,7,RMSE,1858.585227477182,964.205930765351,-0.9275812024946846,13
integer,persistence,7,MAE,1808.5188488462009,847.8461538461538,-1.13307430910911,13
integer,persistence,8,RMSE,2009.1860191470505,1077.2492033665403,-0.8651079182682047,13
integer,persistence,8,MAE,1945.6584166507416,943.5384615384615,-1.0620870223756431,13
integer,persistence,9,RMSE,2037.3157976001908,1120.3573949002578,-0.8184516894999985,13
integer,persistence,9,MAE,1975.50999684476,979.1538461538462,-1.0175685410465771,13
integer,persistence,10,RMSE,2041.6810832995695,1170.2940787550926,-0.7445880658230966,13
integer,persistence,10,MAE,1986.2274573414873,974.6923076923076,-1.0377994590355404,13
integer,persistence,11,RMSE,2048.762832824167,1175.945675092702,-0.7422257475139395,13
integer,persistence,11,MAE,1984.810798317552,971.6153846153846,-1.042794741360793,13
integer,persistence,12,RMSE,2022.4920716180495,1152.9582019243437,-0.7541764031362208,13
integer,persistence,12,MAE,1951.183078170772,1016.1538461538462,-0.9201650277229398,13
integer,seasonal_naive_12,1,RMSE,1185.7961452738227,1090.6381335995632,-0.0872498482702033,13
integer,seasonal_naive_12,1,MAE,1052.2441001777142,1029.8461538461538,-0.021748827480601,13
integer,seasonal_naive_12,2,RMSE,1281.0705766942465,1049.8347855367897,-0.2202592201583639,13
integer,seasonal_naive_12,2,MAE,1164.036880504358,1002.9230769230768,-0.1606442281451643,13
integer,seasonal_naive_12,3,RMSE,1530.8819375378198,1170.5403748828014,-0.3078420619973037,13
integer,seasonal_naive_12,3,MAE,1386.1562181595857,1105.8461538461538,-0.2534801638894417,13
integer,seasonal_naive_12,4,RMSE,1574.963502449497,1182.5561297460683,-0.3318298073408918,13
integer,seasonal_naive_12,4,MAE,1444.8331388520578,1118.3846153846157,-0.2918928953213253,13
integer,seasonal_naive_12,5,RMSE,1710.9663217874263,1278.389551800955,-0.3383763340188999,13
integer,seasonal_naive_12,5,MAE,1603.760149316074,1206.6153846153843,-0.329139483686661,13
integer,seasonal_naive_12,6,RMSE,1770.6973516166754,1239.1724906317368,-0.4289353298296385,13
integer,seasonal_naive_12,6,MAE,1700.168169700039,1160.0,-0.4656622152586542,13
integer,seasonal_naive_12,7,RMSE,1858.585227477182,1237.4084892349692,-0.5019981224035861,13
integer,seasonal_naive_12,7,MAE,1808.5188488462009,1157.4615384615386,-0.562487209078262,13
integer,seasonal_naive_12,8,RMSE,2009.1860191470505,1258.4132255161046,-0.5966027521071517,13
integer,seasonal_naive_12,8,MAE,1945.6584166507416,1187.5384615384614,-0.6383961275074261,13
integer,seasonal_naive_12,9,RMSE,2037.3157976001908,1207.9267043479597,-0.6866220361441022,13
integer,seasonal_naive_12,9,MAE,1975.50999684476,1105.076923076923,-0.7876674063052957,13
integer,seasonal_naive_12,10,RMSE,2041.6810832995695,1189.9456677965145,-0.7157767270839006,13
integer,seasonal_naive_12,10,MAE,1986.2274573414873,1071.1538461538462,-0.8542877519166487,13
integer,seasonal_naive_12,11,RMSE,2048.762832824167,1190.7543827339036,-0.7205587168365699,13
integer,seasonal_naive_12,11,MAE,1984.810798317552,1073.2307692307693,-0.8493793275607924,13
integer,seasonal_naive_12,12,RMSE,2022.4920716180495,1152.9582019243437,-0.7541764031362208,13
integer,seasonal_naive_12,12,MAE,1951.183078170772,1016.1538461538462,-0.9201650277229398,13
integer,SARIMA,1,RMSE,1185.7961452738227,535.5474099013728,-1.2141758569837928,13
integer,SARIMA,1,MAE,1052.2441001777142,443.75531032457945,-1.371225933968121,13
integer,SARIMA,2,RMSE,1281.0705766942465,595.8271489669029,-1.1500708366771777,13
integer,SARIMA,2,MAE,1164.036880504358,479.89175759456066,-1.4256238247121575,13
integer,SARIMA,3,RMSE,1530.8819375378198,725.7840762087603,-1.109280139534896,13
integer,SARIMA,3,MAE,1386.1562181595857,629.7906718034269,-1.2009792780675528,13
integer,SARIMA,4,RMSE,1574.963502449497,841.7129415623646,-0.8711408898217636,13
integer,SARIMA,4,MAE,1444.8331388520578,712.3437696016268,-1.028280726958657,13
integer,SARIMA,5,RMSE,1710.9663217874263,939.6535498611166,-0.8208480370667595,13
integer,SARIMA,5,MAE,1603.760149316074,846.6801357904603,-0.8941747674507612,13
integer,SARIMA,6,RMSE,1770.6973516166754,1022.4205466077988,-0.7318679260618537,13
integer,SARIMA,6,MAE,1700.168169700039,941.781720493969,-0.8052677522858402,13
integer,SARIMA,7,RMSE,1858.585227477182,1096.024089582696,-0.6957521692655735,13
integer,SARIMA,7,MAE,1808.5188488462009,994.9613849980556,-0.8176774255914818,13
integer,SARIMA,8,RMSE,2009.1860191470505,1161.5784418864696,-0.7297032612657803,13
integer,SARIMA,8,MAE,1945.6584166507416,1080.8371616388647,-0.8001401929043181,13
integer,SARIMA,9,RMSE,2037.3157976001908,1213.9590975945955,-0.6782408910127524,13
integer,SARIMA,9,MAE,1975.50999684476,1113.7148738801668,-0.773802292827527,13
integer,SARIMA,10,RMSE,2041.6810832995695,1242.8052137492132,-0.6428005456626307,13
integer,SARIMA,10,MAE,1986.2274573414873,1120.1467920642776,-0.7731849713028605,13
integer,SARIMA,11,RMSE,2048.762832824167,1291.7963394529736,-0.5859797479312723,13
integer,SARIMA,11,MAE,1984.810798317552,1170.939613753741,-0.6950582036888671,13
integer,SARIMA,12,RMSE,2022.4920716180495,1283.5829386002322,-0.5756613856394897,13
integer,SARIMA,12,MAE,1951.183078170772,1127.155185854274,-0.731068714102544,13
