origin,target_date,horizon,model,observed,predicted,residual,train_start,train_end,n_train,seed,population_source,status
2020-12-01,2021-01-01,1,fractional,6948.0,7261.9022610345855,313.90226103458554,2001-01-01,2020-12-01,240,20260815,TRAIN_ONLY_EXTRAPOLATION,ok
2020-12-01,2021-02-01,2,fractional,6815.0,7257.948000538396,442.9480005383957,2001-01-01,2020-12-01,240,20260815,TRAIN_ONLY_EXTRAPOLATION,ok
2020-12-01,2021-03-01,3,fractional,7592.0,7253.998573723016,-338.0014262769837,2001-01-01,2020-12-01,240,20260815,TRAIN_ONLY_EXTRAPOLATION,ok
2020-12-01,2021-04-01,4,fractional,7006.0,7250.041747645941,244.04174764594063,2001-01-01,2020-12-01,240,20260815,TRAIN_ONLY_EXTRAPOLATION,ok
2020-12-01,2021-05-01,5,fractional,7022.0,7246.069439017912,224.06943901791237,2001-01-01,2020-12-01,240,20260815,TRAIN_ONLY_EXTRAPOLATION,ok
2020-12-01,2021-06-01,6,fractional,7379.0,7242.076949408045,-136.92305059195496,2001-01-01,2020-12-01,240,20260815,TRAIN_ONLY_EXTRAPOLATION,ok
2020-12-01,2021-07-01,7,fractional,7803.0,7238.061213008594,-564.9387869914062,2001-01-01,2020-12-01,240,20260815,TRAIN_ONLY_EXTRAPOLATION,ok
2020-12-01,2021-08-01,8,fractional,8378.0,7234.020071037812,-1143.9799289621878,2001-01-01,2020-12-01,240,20260815,TRAIN_ONLY_EXTRAPOLATION,ok
2020-12-01,2021-09-01,9,fractional,8406.0,7229.951921021799,-1176.0480789782014,2001-01-01,2020-12-01,240,20260815,TRAIN_ONLY_EXTRAPOLATION,ok
2020-12-01,2021-10-01,10,fractional,7989.0,7225.855527233332,-763.1444727666676,2001-01-01,2020-12-01,240,20260815,TRAIN_ONLY_EXTRAPOLATION,ok
2020-12-01,2021-11-01,11,fractional,8306.0,7221.729909442831,-1084.2700905571692,2001-01-01,2020-12-01,240,20260815,TRAIN_ONLY_EXTRAPOLATION,ok
2020-12-01,2021-12-01,12,fractional,8132.0,7217.574273072649,-914.4257269273512,2001-01-01,2020-12-01,240,20260815,TRAIN_ONLY_EXTRAPOLATION,ok
2020-12-01,2021-01-01,1,integer,6948.0,6601.678404552862,-346.32159544713795,2001-01-01,2020-12-01,240,20260815,TRAIN_ONLY_EXTRAPOLATION,ok
2020-12-01,2021-02-01,2,integer,6815.0,6590.994287441252,-224.0057125587482,2001-01-01,2020-12-01,240,20260815,TRAIN_ONLY_EXTRAPOLATION,ok
2020-12-01,2021-03-01,3,integer,7592.0,6580.292133204406,-1011.7078667955939,2001-01-01,2020-12-01,240,20260815,TRAIN_ONLY_EXTRAPOLATION,ok
2020-12-01,2021-04-01,4,integer,7006.0,6569.571830252418,-436.4281697475817,2001-01-01,2020-12-01,240,20260815,TRAIN_ONLY_EXTRAPOLATION,ok
2020-12-01,2021-05-01,5,integer,7022.0,6558.833285770845,-463.16671422915533,2001-01-01,2020-12-01,240,20260815,TRAIN_ONLY_EXTRAPOLATION,ok
2020-12-01,2021-06-01,6,integer,7379.0,6548.076424532803,-830.9235754671972,2001-01-01,2020-12-01,240,20260815,TRAIN_ONLY_EXTRAPOLATION,ok
2020-12-01,2021-07-01,7,integer,7803.0,6537.301187783945,-1265.6988122160546,2001-01-01,2020-12-01,240,20260815,TRAIN_ONLY_EXTRAPOLATION,ok
2020-12-01,2021-08-01,8,integer,8378.0,6526.507532197051,-1851.4924678029492,2001-01-01,2020-12-01,240,20260815,TRAIN_ONLY_EXTRAPOLATION,ok
2020-12-01,2021-09-01,9,integer,8406.0,6515.695428895531,-1890.3045711044688,2001-01-01,2020-12-01,240,20260815,TRAIN_ONLY_EXTRAPOLATION,ok
2020-12-01,2021-10-01,10,integer,7989.0,6504.864862533985,-1484.1351374660153,2001-01-01,2020-12-01,240,20260815,TRAIN_ONLY_EXTRAPOLATION,ok
2020-12-01,2021-11-01,11,integer,8306.0,6494.015830440214,-1811.984169559786,2001-01-01,2020-12-01,240,20260815,TRAIN_ONLY_EXTRAPOLATION,ok
2020-12-01,2021-12-01,12,integer,8132.0,6483.148341808934,-1648.8516581910662,2001-01-01,2020-12-01,240,20260815,TRAIN_ONLY_EXTRAPOLATION,ok
2020-12-01,2021-01-01,1,persistence,6948.0,6716.0,-232.0,2001-01-01,2020-12-01,240,N/A,N/A,ok
2020-12-01,2021-02-01,2,persistence,6815.0,6716.0,-99.0,2001-01-01,2020-12-01,240,N/A,N/A,ok
2020-12-01,2021-03-01,3,persistence,7592.0,6716.0,-876.0,2001-01-01,2020-12-01,240,N/A,N/A,ok
2020-12-01,2021-04-01,4,persistence,7006.0,6716.0,-290.0,2001-01-01,2020-12-01,240,N/A,N/A,ok
2020-12-01,2021-05-01,5,persistence,7022.0,6716.0,-306.0,2001-01-01,2020-12-01,240,N/A,N/A,ok
2020-12-01,2021-06-01,6,persistence,7379.0,6716.0,-663.0,2001-01-01,2020-12-01,240,N/A,N/A,ok
2020-12-01,2021-07-01,7,persistence,7803.0,6716.0,-1087.0,2001-01-01,2020-12-01,240,N/A,N/A,ok
2020-12-01,2021-08-01,8,persistence,8378.0,6716.0,-1662.0,2001-01-01,2020-12-01,240,N/A,N/A,ok
2020-12-01,2021-09-01,9,persistence,8406.0,6716.0,-1690.0,2001-01-01,2020-12-01,240,N/A,N/A,ok
2020-12-01,2021-10-01,10,persistence,7989.0,6716.0,-1273.0,2001-01-01,2020-12-01,240,N/A,N/A,ok
2020-12-01,2021-11-01,11,persistence,8306.0,6716.0,-1590.0,2001-01-01,2020-12-01,240,N/A,N/A,ok
2020-12-01,2021-12-01,12,persistence,8132.0,6716.0,-1416.0,2001-01-01,2020-12-01,240,N/A,N/A,ok
2020-12-01,2021-01-01,1,seasonal_naive_12,6948.0,8745.0,1797.0,2001-01-01,2020-12-01,240,N/A,N/A,ok
2020-12-01,2021-02-01,2,seasonal_naive_12,6815.0,7448.0,633.0,2001-01-01,2020-12-01,240,N/A,N/A,ok
2020-12-01,2021-03-01,3,seasonal_naive_12,7592.0,8638.0,1046.0,2001-01-01,2020-12-01,240,N/A,N/A,ok
2020-12-01,2021-04-01,4,seasonal_naive_12,7006.0,6243.0,-763.0,2001-01-01,2020-12-01,240,N/A,N/A,ok
2020-12-01,2021-05-01,5,seasonal_naive_12,7022.0,5660.0,-1362.0,2001-01-01,2020-12-01,240,N/A,N/A,ok
2020-12-01,2021-06-01,6,seasonal_naive_12,7379.0,6502.0,-877.0,2001-01-01,2020-12-01,240,N/A,N/A,ok
2020-12-01,2021-07-01,7,seasonal_naive_12,7803.0,7127.0,-676.0,2001-01-01,2020-12-01,240,N/A,N/A,ok
2020-12-01,2021-08-01,8,seasonal_naive_12,8378.0,7087.0,-1291.0,2001-01-01,2020-12-01,240,N/A,N/A,ok
2020-12-01,2021-09-01,9,seasonal_naive_12,8406.0,7550.0,-856.0,2001-01-01,2020-12-01,240,N/A,N/A,ok
2020-12-01,2021-10-01,10,seasonal_naive_12,7989.0,7539.0,-450.0,2001-01-01,2020-12-01,240,N/A,N/A,ok
2020-12-01,2021-11-01,11,seasonal_naive_12,8306.0,7159.0,-1147.0,2001-01-01,2020-12-01,240,N/A,N/A,ok
2020-12-01,2021-12-01,12,seasonal_naive_12,8132.0,6716.0,-1416.0,2001-01-01,2020-12-01,240,N/A,N/A,ok
2020-12-01,2021-01-01,1,SARIMA,6948.0,7477.511130717325,529.5111307173247,2001-01-01,2020-12-01,240,N/A,N/A,ok
2020-12-01,2021-02-01,2,SARIMA,6815.0,6666.857099930496,-148.14290006950432,2001-01-01,2020-12-01,240,N/A,N/A,ok
2020-12-01,2021-03-01,3,SARIMA,7592.0,7755.941968601433,163.94196860143256,2001-01-01,2020-12-01,240,N/A,N/A,ok
2020-12-01,2021-04-01,4,SARIMA,7006.0,7016.028781787626,10.02878178762603,2001-01-01,2020-12-01,240,N/A,N/A,ok
2020-12-01,2021-05-01,5,SARIMA,7022.0,6905.862010871475,-116.13798912852508,2001-01-01,2020-12-01,240,N/A,N/A,ok
2020-12-01,2021-06-01,6,SARIMA,7379.0,6652.45369304424,-726.54630695576,2001-01-01,2020-12-01,240,N/A,N/A,ok
2020-12-01,2021-07-01,7,SARIMA,7803.0,7127.754768282551,-675.2452317174493,2001-01-01,2020-12-01,240,N/A,N/A,ok
2020-12-01,2021-08-01,8,SARIMA,8378.0,7465.282701384187,-912.717298615813,2001-01-01,2020-12-01,240,N/A,N/A,ok
2020-12-01,2021-09-01,9,SARIMA,8406.0,7144.252356745971,-1261.7476432540288,2001-01-01,2020-12-01,240,N/A,N/A,ok
2020-12-01,2021-10-01,10,SARIMA,7989.0,7337.243556203872,-651.7564437961282,2001-01-01,2020-12-01,240,N/A,N/A,ok
2020-12-01,2021-11-01,11,SARIMA,8306.0,6923.836709046703,-1382.1632909532973,2001-01-01,2020-12-01,240,N/A,N/A,ok
2020-12-01,2021-12-01,12,SARIMA,8132.0,6479.338671289761,-1652.661328710239,2001-01-01,2020-12-01,240,N/A,N/A,ok
2021-01-01,2021-02-01,1,fractional,6815.0,7272.0748209750745,457.07482097507454,2001-01-01,2021-01-01,241,20260815,TRAIN_ONLY_EXTRAPOLATION,ok
2021-01-01,2021-03-01,2,fractional,7592.0,7268.144606859889,-323.8553931401111,2001-01-01,2021-01-01,241,20260815,TRAIN_ONLY_EXTRAPOLATION,ok
2021-01-01,2021-04-01,3,fractional,7006.0,7264.215361332521,258.21536133252084,2001-01-01,2021-01-01,241,20260815,TRAIN_ONLY_EXTRAPOLATION,ok
2021-01-01,2021-05-01,4,fractional,7022.0,7260.276073813904,238.27607381390408,2001-01-01,2021-01-01,241,20260815,TRAIN_ONLY_EXTRAPOLATION,ok
2021-01-01,2021-06-01,5,fractional,7379.0,7256.319745087996,-122.68025491200387,2001-01-01,2021-01-01,241,20260815,TRAIN_ONLY_EXTRAPOLATION,ok
2021-01-01,2021-07-01,6,fractional,7803.0,7252.342162268003,-550.6578377319966,2001-01-01,2021-01-01,241,20260815,TRAIN_ONLY_EXTRAPOLATION,ok
2021-01-01,2021-08-01,7,fractional,8378.0,7248.340508495923,-1129.6594915040769,2001-01-01,2021-01-01,241,20260815,TRAIN_ONLY_EXTRAPOLATION,ok
2021-01-01,2021-09-01,8,fractional,8406.0,7244.312765053939,-1161.687234946061,2001-01-01,2021-01-01,241,20260815,TRAIN_ONLY_EXTRAPOLATION,ok
2021-01-01,2021-10-01,9,fractional,7989.0,7240.257413739804,-748.7425862601958,2001-01-01,2021-01-01,241,20260815,TRAIN_ONLY_EXTRAPOLATION,ok
2021-01-01,2021-11-01,10,fractional,8306.0,7236.173272168729,-1069.8267278312705,2001-01-01,2021-01-01,241,20260815,TRAIN_ONLY_EXTRAPOLATION,ok
2021-01-01,2021-12-01,11,fractional,8132.0,7232.059395429678,-899.9406045703217,2001-01-01,2021-01-01,241,20260815,TRAIN_ONLY_EXTRAPOLATION,ok
2021-01-01,2022-01-01,12,fractional,8022.0,7227.915013091173,-794.084986908827,2001-01-01,2021-01-01,241,20260815,TRAIN_ONLY_EXTRAPOLATION,ok
2021-01-01,2021-02-01,1,integer,6815.0,6594.3767019764055,-220.62329802359454,2001-01-01,2021-01-01,241,20260815,TRAIN_ONLY_EXTRAPOLATION,ok
2021-01-01,2021-03-01,2,integer,7592.0,6583.148865728639,-1008.8511342713609,2001-01-01,2021-01-01,241,20260815,TRAIN_ONLY_EXTRAPOLATION,ok
2021-01-01,2021-04-01,3,integer,7006.0,6571.900209824322,-434.0997901756782,2001-01-01,2021-01-01,241,20260815,TRAIN_ONLY_EXTRAPOLATION,ok
2021-01-01,2021-05-01,4,integer,7022.0,6560.63011610508,-461.36988389492035,2001-01-01,2021-01-01,241,20260815,TRAIN_ONLY_EXTRAPOLATION,ok
2021-01-01,2021-06-01,5,integer,7379.0,6549.338140768465,-829.6618592315353,2001-01-01,2021-01-01,241,20260815,TRAIN_ONLY_EXTRAPOLATION,ok
2021-01-01,2021-07-01,6,integer,7803.0,6538.023978149751,-1264.9760218502488,2001-01-01,2021-01-01,241,20260815,TRAIN_ONLY_EXTRAPOLATION,ok
2021-01-01,2021-08-01,7,integer,8378.0,6526.687432025559,-1851.3125679744408,2001-01-01,2021-01-01,241,20260815,TRAIN_ONLY_EXTRAPOLATION,ok
2021-01-01,2021-09-01,8,integer,8406.0,6515.328392869327,-1890.6716071306728,2001-01-01,2021-01-01,241,20260815,TRAIN_ONLY_EXTRAPOLATION,ok
2021-01-01,2021-10-01,9,integer,7989.0,6503.9468198353425,-1485.0531801646575,2001-01-01,2021-01-01,241,20260815,TRAIN_ONLY_EXTRAPOLATION,ok
2021-01-01,2021-11-01,10,integer,8306.0,6492.54272647365,-1813.45727352635,2001-01-01,2021-01-01,241,20260815,TRAIN_ONLY_EXTRAPOLATION,ok
2021-01-01,2021-12-01,11,integer,8132.0,6481.116169416346,-1650.8838305836543,2001-01-01,2021-01-01,241,20260815,TRAIN_ONLY_EXTRAPOLATION,ok
2021-01-01,2022-01-01,12,integer,8022.0,6469.667239408242,-1552.3327605917584,2001-01-01,2021-01-01,241,20260815,TRAIN_ONLY_EXTRAPOLATION,ok
2021-01-01,2021-02-01,1,persistence,6815.0,6948.0,133.0,2001-01-01,2021-01-01,241,N/A,N/A,ok
2021-01-01,2021-03-01,2,persistence,7592.0,6948.0,-644.0,2001-01-01,2021-01-01,241,N/A,N/A,ok
2021-01-01,2021-04-01,3,persistence,7006.0,6948.0,-58.0,2001-01-01,2021-01-01,241,N/A,N/A,ok
2021-01-01,2021-05-01,4,persistence,7022.0,6948.0,-74.0,2001-01-01,2021-01-01,241,N/A,N/A,ok
2021-01-01,2021-06-01,5,persistence,7379.0,6948.0,-431.0,2001-01-01,2021-01-01,241,N/A,N/A,ok
2021-01-01,2021-07-01,6,persistence,7803.0,6948.0,-855.0,2001-01-01,2021-01-01,241,N/A,N/A,ok
2021-01-01,2021-08-01,7,persistence,8378.0,6948.0,-1430.0,2001-01-01,2021-01-01,241,N/A,N/A,ok
2021-01-01,2021-09-01,8,persistence,8406.0,6948.0,-1458.0,2001-01-01,2021-01-01,241,N/A,N/A,ok
2021-01-01,2021-10-01,9,persistence,7989.0,6948.0,-1041.0,2001-01-01,2021-01-01,241,N/A,N/A,ok
2021-01-01,2021-11-01,10,persistence,8306.0,6948.0,-1358.0,2001-01-01,2021-01-01,241,N/A,N/A,ok
2021-01-01,2021-12-01,11,persistence,8132.0,6948.0,-1184.0,2001-01-01,2021-01-01,241,N/A,N/A,ok
2021-01-01,2022-01-01,12,persistence,8022.0,6948.0,-1074.0,2001-01-01,2021-01-01,241,N/A,N/A,ok
2021-01-01,2021-02-01,1,seasonal_naive_12,6815.0,7448.0,633.0,2001-01-01,2021-01-01,241,N/A,N/A,ok
2021-01-01,2021-03-01,2,seasonal_naive_12,7592.0,8638.0,1046.0,2001-01-01,2021-01-01,241,N/A,N/A,ok
2021-01-01,2021-04-01,3,seasonal_naive_12,7006.0,6243.0,-763.0,2001-01-01,2021-01-01,241,N/A,N/A,ok
2021-01-01,2021-05-01,4,seasonal_naive_12,7022.0,5660.0,-1362.0,2001-01-01,2021-01-01,241,N/A,N/A,ok
2021-01-01,2021-06-01,5,seasonal_naive_12,7379.0,6502.0,-877.0,2001-01-01,2021-01-01,241,N/A,N/A,ok
2021-01-01,2021-07-01,6,seasonal_naive_12,7803.0,7127.0,-676.0,2001-01-01,2021-01-01,241,N/A,N/A,ok
2021-01-01,2021-08-01,7,seasonal_naive_12,8378.0,7087.0,-1291.0,2001-01-01,2021-01-01,241,N/A,N/A,ok
2021-01-01,2021-09-01,8,seasonal_naive_12,8406.0,7550.0,-856.0,2001-01-01,2021-01-01,241,N/A,N/A,ok
2021-01-01,2021-10-01,9,seasonal_naive_12,7989.0,7539.0,-450.0,2001-01-01,2021-01-01,241,N/A,N/A,ok
2021-01-01,2021-11-01,10,seasonal_naive_12,8306.0,7159.0,-1147.0,2001-01-01,2021-01-01,241,N/A,N/A,ok
2021-01-01,2021-12-01,11,seasonal_naive_12,8132.0,6716.0,-1416.0,2001-01-01,2021-01-01,241,N/A,N/A,ok
2021-01-01,2022-01-01,12,seasonal_naive_12,8022.0,6948.0,-1074.0,2001-01-01,2021-01-01,241,N/A,N/A,ok
2021-01-01,2021-02-01,1,SARIMA,6815.0,6583.619236130658,-231.38076386934245,2001-01-01,2021-01-01,241,N/A,N/A,ok
2021-01-01,2021-03-01,2,SARIMA,7592.0,7641.309231771206,49.309231771206214,2001-01-01,2021-01-01,241,N/A,N/A,ok
2021-01-01,2021-04-01,3,SARIMA,7006.0,6909.297336399272,-96.70266360072765,2001-01-01,2021-01-01,241,N/A,N/A,ok
2021-01-01,2021-05-01,4,SARIMA,7022.0,6801.262541868243,-220.7374581317572,2001-01-01,2021-01-01,241,N/A,N/A,ok
2021-01-01,2021-06-01,5,SARIMA,7379.0,6542.712621283022,-836.2873787169783,2001-01-01,2021-01-01,241,N/A,N/A,ok
2021-01-01,2021-07-01,6,SARIMA,7803.0,7017.203852150371,-785.796147849629,2001-01-01,2021-01-01,241,N/A,N/A,ok
2021-01-01,2021-08-01,7,SARIMA,8378.0,7356.387185972859,-1021.6128140271412,2001-01-01,2021-01-01,241,N/A,N/A,ok
2021-01-01,2021-09-01,8,SARIMA,8406.0,7031.717807500259,-1374.2821924997406,2001-01-01,2021-01-01,241,N/A,N/A,ok
2021-01-01,2021-10-01,9,SARIMA,7989.0,7225.555757005097,-763.4442429949031,2001-01-01,2021-01-01,241,N/A,N/A,ok
2021-01-01,2021-11-01,10,SARIMA,8306.0,6812.1434004574985,-1493.8565995425015,2001-01-01,2021-01-01,241,N/A,N/A,ok
2021-01-01,2021-12-01,11,SARIMA,8132.0,6367.410142407816,-1764.5898575921838,2001-01-01,2021-01-01,241,N/A,N/A,ok
2021-01-01,2022-01-01,12,SARIMA,8022.0,7066.922732194285,-955.0772678057147,2001-01-01,2021-01-01,241,N/A,N/A,ok
2021-02-01,2021-03-01,1,fractional,7592.0,7288.342306680279,-303.65769331972115,2001-01-01,2021-02-01,242,20260815,TRAIN_ONLY_EXTRAPOLATION,ok
2021-02-01,2021-04-01,2,fractional,7006.0,7284.406609323807,278.40660932380706,2001-01-01,2021-02-01,242,20260815,TRAIN_ONLY_EXTRAPOLATION,ok
2021-02-01,2021-05-01,3,fractional,7022.0,7280.46907794592,258.4690779459197,2001-01-01,2021-02-01,242,20260815,TRAIN_ONLY_EXTRAPOLATION,ok
2021-02-01,2021-06-01,4,fractional,7379.0,7276.519493055763,-102.48050694423728,2001-01-01,2021-02-01,242,20260815,TRAIN_ONLY_EXTRAPOLATION,ok
2021-02-01,2021-07-01,5,fractional,7803.0,7272.551092343871,-530.4489076561294,2001-01-01,2021-02-01,242,20260815,TRAIN_ONLY_EXTRAPOLATION,ok
2021-02-01,2021-08-01,6,fractional,8378.0,7268.559775535949,-1109.4402244640514,2001-01-01,2021-02-01,242,20260815,TRAIN_ONLY_EXTRAPOLATION,ok
2021-02-01,2021-09-01,7,fractional,8406.0,7264.542780715274,-1141.4572192847263,2001-01-01,2021-02-01,242,20260815,TRAIN_ONLY_EXTRAPOLATION,ok
2021-02-01,2021-10-01,8,fractional,7989.0,7260.498116262956,-728.5018837370444,2001-01-01,2021-02-01,242,20260815,TRAIN_ONLY_EXTRAPOLATION,ok
2021-02-01,2021-11-01,9,fractional,8306.0,7256.424277588958,-1049.575722411042,2001-01-01,2021-02-01,242,20260815,TRAIN_ONLY_EXTRAPOLATION,ok
2021-02-01,2021-12-01,10,fractional,8132.0,7252.32009007968,-879.6799099203199,2001-01-01,2021-02-01,242,20260815,TRAIN_ONLY_EXTRAPOLATION,ok
2021-02-01,2022-01-01,11,fractional,8022.0,7248.184613666963,-773.8153863330372,2001-01-01,2021-02-01,242,20260815,TRAIN_ONLY_EXTRAPOLATION,ok
2021-02-01,2022-02-01,12,fractional,8262.0,7244.017082415288,-1017.9829175847117,2001-01-01,2021-02-01,242,20260815,TRAIN_ONLY_EXTRAPOLATION,ok
2021-02-01,2021-03-01,1,integer,7592.0,6616.207060438581,-975.7929395614192,2001-01-01,2021-02-01,242,20260815,TRAIN_ONLY_EXTRAPOLATION,ok
2021-02-01,2021-04-01,2,integer,7006.0,6605.037230496528,-400.9627695034724,2001-01-01,2021-02-01,242,20260815,TRAIN_ONLY_EXTRAPOLATION,ok
2021-02-01,2021-05-01,3,integer,7022.0,6593.846138603287,-428.1538613967132,2001-01-01,2021-02-01,242,20260815,TRAIN_ONLY_EXTRAPOLATION,ok
2021-02-01,2021-06-01,4,integer,7379.0,6582.633205801947,-796.366794198053,2001-01-01,2021-02-01,242,20260815,TRAIN_ONLY_EXTRAPOLATION,ok
2021-02-01,2021-07-01,5,integer,7803.0,6571.398014337523,-1231.601985662477,2001-01-01,2021-02-01,242,20260815,TRAIN_ONLY_EXTRAPOLATION,ok
2021-02-01,2021-08-01,6,integer,8378.0,6560.140275157755,-1817.8597248422448,2001-01-01,2021-02-01,242,20260815,TRAIN_ONLY_EXTRAPOLATION,ok
2021-02-01,2021-09-01,7,integer,8406.0,6548.859801960411,-1857.1401980395894,2001-01-01,2021-02-01,242,20260815,TRAIN_ONLY_EXTRAPOLATION,ok
2021-02-01,2021-10-01,8,integer,7989.0,6537.556490469025,-1451.4435095309746,2001-01-01,2021-02-01,242,20260815,TRAIN_ONLY_EXTRAPOLATION,ok
2021-02-01,2021-11-01,9,integer,8306.0,6526.230301887961,-1779.769698112039,2001-01-01,2021-02-01,242,20260815,TRAIN_ONLY_EXTRAPOLATION,ok
2021-02-01,2021-12-01,10,integer,8132.0,6514.881249685539,-1617.118750314461,2001-01-01,2021-02-01,242,20260815,TRAIN_ONLY_EXTRAPOLATION,ok
2021-02-01,2022-01-01,11,integer,8022.0,6503.509389042854,-1518.4906109571457,2001-01-01,2021-02-01,242,20260815,TRAIN_ONLY_EXTRAPOLATION,ok
2021-02-01,2022-02-01,12,integer,8262.0,6492.114808427636,-1769.8851915723644,2001-01-01,2021-02-01,242,20260815,TRAIN_ONLY_EXTRAPOLATION,ok
2021-02-01,2021-03-01,1,persistence,7592.0,6815.0,-777.0,2001-01-01,2021-02-01,242,N/A,N/A,ok
2021-02-01,2021-04-01,2,persistence,7006.0,6815.0,-191.0,2001-01-01,2021-02-01,242,N/A,N/A,ok
2021-02-01,2021-05-01,3,persistence,7022.0,6815.0,-207.0,2001-01-01,2021-02-01,242,N/A,N/A,ok
2021-02-01,2021-06-01,4,persistence,7379.0,6815.0,-564.0,2001-01-01,2021-02-01,242,N/A,N/A,ok
2021-02-01,2021-07-01,5,persistence,7803.0,6815.0,-988.0,2001-01-01,2021-02-01,242,N/A,N/A,ok
2021-02-01,2021-08-01,6,persistence,8378.0,6815.0,-1563.0,2001-01-01,2021-02-01,242,N/A,N/A,ok
2021-02-01,2021-09-01,7,persistence,8406.0,6815.0,-1591.0,2001-01-01,2021-02-01,242,N/A,N/A,ok
2021-02-01,2021-10-01,8,persistence,7989.0,6815.0,-1174.0,2001-01-01,2021-02-01,242,N/A,N/A,ok
2021-02-01,2021-11-01,9,persistence,8306.0,6815.0,-1491.0,2001-01-01,2021-02-01,242,N/A,N/A,ok
2021-02-01,2021-12-01,10,persistence,8132.0,6815.0,-1317.0,2001-01-01,2021-02-01,242,N/A,N/A,ok
2021-02-01,2022-01-01,11,persistence,8022.0,6815.0,-1207.0,2001-01-01,2021-02-01,242,N/A,N/A,ok
2021-02-01,2022-02-01,12,persistence,8262.0,6815.0,-1447.0,2001-01-01,2021-02-01,242,N/A,N/A,ok
2021-02-01,2021-03-01,1,seasonal_naive_12,7592.0,8638.0,1046.0,2001-01-01,2021-02-01,242,N/A,N/A,ok
2021-02-01,2021-04-01,2,seasonal_naive_12,7006.0,6243.0,-763.0,2001-01-01,2021-02-01,242,N/A,N/A,ok
2021-02-01,2021-05-01,3,seasonal_naive_12,7022.0,5660.0,-1362.0,2001-01-01,2021-02-01,242,N/A,N/A,ok
2021-02-01,2021-06-01,4,seasonal_naive_12,7379.0,6502.0,-877.0,2001-01-01,2021-02-01,242,N/A,N/A,ok
2021-02-01,2021-07-01,5,seasonal_naive_12,7803.0,7127.0,-676.0,2001-01-01,2021-02-01,242,N/A,N/A,ok
2021-02-01,2021-08-01,6,seasonal_naive_12,8378.0,7087.0,-1291.0,2001-01-01,2021-02-01,242,N/A,N/A,ok
2021-02-01,2021-09-01,7,seasonal_naive_12,8406.0,7550.0,-856.0,2001-01-01,2021-02-01,242,N/A,N/A,ok
2021-02-01,2021-10-01,8,seasonal_naive_12,7989.0,7539.0,-450.0,2001-01-01,2021-02-01,242,N/A,N/A,ok
2021-02-01,2021-11-01,9,seasonal_naive_12,8306.0,7159.0,-1147.0,2001-01-01,2021-02-01,242,N/A,N/A,ok
2021-02-01,2021-12-01,10,seasonal_naive_12,8132.0,6716.0,-1416.0,2001-01-01,2021-02-01,242,N/A,N/A,ok
2021-02-01,2022-01-01,11,seasonal_naive_12,8022.0,6948.0,-1074.0,2001-01-01,2021-02-01,242,N/A,N/A,ok
2021-02-01,2022-02-01,12,seasonal_naive_12,8262.0,6815.0,-1447.0,2001-01-01,2021-02-01,242,N/A,N/A,ok
2021-02-01,2021-03-01,1,SARIMA,7592.0,7677.583948612314,85.58394861231409,2001-01-01,2021-02-01,242,N/A,N/A,ok
2021-02-01,2021-04-01,2,SARIMA,7006.0,6961.324050033476,-44.67594996652406,2001-01-01,2021-02-01,242,N/A,N/A,ok
2021-02-01,2021-05-01,3,SARIMA,7022.0,6853.78911702527,-168.21088297473034,2001-01-01,2021-02-01,242,N/A,N/A,ok
2021-02-01,2021-06-01,4,SARIMA,7379.0,6594.059572647415,-784.9404273525852,2001-01-01,2021-02-01,242,N/A,N/A,ok
2021-02-01,2021-07-01,5,SARIMA,7803.0,7068.37867379859,-734.6213262014098,2001-01-01,2021-02-01,242,N/A,N/A,ok
2021-02-01,2021-08-01,6,SARIMA,8378.0,7407.954350735423,-970.0456492645772,2001-01-01,2021-02-01,242,N/A,N/A,ok
2021-02-01,2021-09-01,7,SARIMA,8406.0,7082.452469202758,-1323.547530797242,2001-01-01,2021-02-01,242,N/A,N/A,ok
2021-02-01,2021-10-01,8,SARIMA,7989.0,7276.501419518783,-712.4985804812168,2001-01-01,2021-02-01,242,N/A,N/A,ok
2021-02-01,2021-11-01,9,SARIMA,8306.0,6863.103088328419,-1442.8969116715807,2001-01-01,2021-02-01,242,N/A,N/A,ok
2021-02-01,2021-12-01,10,SARIMA,8132.0,6418.368201998559,-1713.631798001441,2001-01-01,2021-02-01,242,N/A,N/A,ok
2021-02-01,2022-01-01,11,SARIMA,8022.0,7118.5599230457765,-903.4400769542235,2001-01-01,2021-02-01,242,N/A,N/A,ok
2021-02-01,2022-02-01,12,SARIMA,8262.0,6493.596926189026,-1768.403073810974,2001-01-01,2021-02-01,242,N/A,N/A,ok
2021-03-01,2021-04-01,1,fractional,7006.0,7242.929238536861,236.9292385368608,2001-01-01,2021-03-01,243,20260815,TRAIN_ONLY_EXTRAPOLATION,ok
2021-03-01,2021-05-01,2,fractional,7022.0,7238.845875607105,216.84587560710497,2001-01-01,2021-03-01,243,20260815,TRAIN_ONLY_EXTRAPOLATION,ok
2021-03-01,2021-06-01,3,fractional,7379.0,7234.760158166755,-144.239841833245,2001-01-01,2021-03-01,243,20260815,TRAIN_ONLY_EXTRAPOLATION,ok
2021-03-01,2021-07-01,4,fractional,7803.0,7230.662361329189,-572.3376386708114,2001-01-01,2021-03-01,243,20260815,TRAIN_ONLY_EXTRAPOLATION,ok
2021-03-01,2021-08-01,5,fractional,8378.0,7226.545982612995,-1151.4540173870046,2001-01-01,2021-03-01,243,20260815,TRAIN_ONLY_EXTRAPOLATION,ok
2021-03-01,2021-09-01,6,fractional,8406.0,7222.407100088894,-1183.5928999111056,2001-01-01,2021-03-01,243,20260815,TRAIN_ONLY_EXTRAPOLATION,ok
2021-03-01,2021-10-01,7,fractional,7989.0,7218.243078352651,-770.7569216473494,2001-01-01,2021-03-01,243,20260815,TRAIN_ONLY_EXTRAPOLATION,ok
2021-03-01,2021-11-01,8,fractional,8306.0,7214.052018101327,-1091.9479818986729,2001-01-01,2021-03-01,243,20260815,TRAIN_ONLY_EXTRAPOLATION,ok
2021-03-01,2021-12-01,9,fractional,8132.0,7209.832484954502,-922.1675150454976,2001-01-01,2021-03-01,243,20260815,TRAIN_ONLY_EXTRAPOLATION,ok
2021-03-01,2022-01-01,10,fractional,8022.0,7205.583357879659,-816.4166421203408,2001-01-01,2021-03-01,243,20260815,TRAIN_ONLY_EXTRAPOLATION,ok
2021-03-01,2022-02-01,11,fractional,8262.0,7201.303739772178,-1060.6962602278218,2001-01-01,2021-03-01,243,20260815,TRAIN_ONLY_EXTRAPOLATION,ok
2021-03-01,2022-03-01,12,fractional,9563.0,7196.992898968747,-2366.007101031253,2001-01-01,2021-03-01,243,20260815,TRAIN_ONLY_EXTRAPOLATION,ok
2021-03-01,2021-04-01,1,integer,7006.0,6623.0010336406995,-382.99896635930054,2001-01-01,2021-03-01,243,20260815,TRAIN_ONLY_EXTRAPOLATION,ok
2021-03-01,2021-05-01,2,integer,7022.0,6611.857160547515,-410.1428394524846,2001-01-01,2021-03-01,243,20260815,TRAIN_ONLY_EXTRAPOLATION,ok
2021-03-01,2021-06-01,3,integer,7379.0,6600.691834236495,-778.3081657635048,2001-01-01,2021-03-01,243,20260815,TRAIN_ONLY_EXTRAPOLATION,ok
2021-03-01,2021-07-01,4,integer,7803.0,6589.504488592967,-1213.4955114070326,2001-01-01,2021-03-01,243,20260815,TRAIN_ONLY_EXTRAPOLATION,ok
2021-03-01,2021-08-01,5,integer,8378.0,6578.29471823643,-1799.7052817635704,2001-01-01,2021-03-01,243,20260815,TRAIN_ONLY_EXTRAPOLATION,ok
2021-03-01,2021-09-01,6,integer,8406.0,6567.062245653011,-1838.937754346989,2001-01-01,2021-03-01,243,20260815,TRAIN_ONLY_EXTRAPOLATION,ok
2021-03-01,2021-10-01,7,integer,7989.0,6555.806895049289,-1433.1931049507111,2001-01-01,2021-03-01,243,20260815,TRAIN_ONLY_EXTRAPOLATION,ok
2021-03-01,2021-11-01,8,integer,8306.0,6544.528571544681,-1761.4714284553193,2001-01-01,2021-03-01,243,20260815,TRAIN_ONLY_EXTRAPOLATION,ok
2021-03-01,2021-12-01,9,integer,8132.0,6533.2272446160205,-1598.7727553839795,2001-01-01,2021-03-01,243,20260815,TRAIN_ONLY_EXTRAPOLATION,ok
2021-03-01,2022-01-01,10,integer,8022.0,6521.9029349286575,-1500.0970650713425,2001-01-01,2021-03-01,243,20260815,TRAIN_ONLY_EXTRAPOLATION,ok
2021-03-01,2022-02-01,11,integer,8262.0,6510.555703852791,-1751.4442961472087,2001-01-01,2021-03-01,243,20260815,TRAIN_ONLY_EXTRAPOLATION,ok
2021-03-01,2022-03-01,12,integer,9563.0,6499.1856451241765,-3063.8143548758235,2001-01-01,2021-03-01,243,20260815,TRAIN_ONLY_EXTRAPOLATION,ok
2021-03-01,2021-04-01,1,persistence,7006.0,7592.0,586.0,2001-01-01,2021-03-01,243,N/A,N/A,ok
2021-03-01,2021-05-01,2,persistence,7022.0,7592.0,570.0,2001-01-01,2021-03-01,243,N/A,N/A,ok
2021-03-01,2021-06-01,3,persistence,7379.0,7592.0,213.0,2001-01-01,2021-03-01,243,N/A,N/A,ok
2021-03-01,2021-07-01,4,persistence,7803.0,7592.0,-211.0,2001-01-01,2021-03-01,243,N/A,N/A,ok
2021-03-01,2021-08-01,5,persistence,8378.0,7592.0,-786.0,2001-01-01,2021-03-01,243,N/A,N/A,ok
2021-03-01,2021-09-01,6,persistence,8406.0,7592.0,-814.0,2001-01-01,2021-03-01,243,N/A,N/A,ok
2021-03-01,2021-10-01,7,persistence,7989.0,7592.0,-397.0,2001-01-01,2021-03-01,243,N/A,N/A,ok
2021-03-01,2021-11-01,8,persistence,8306.0,7592.0,-714.0,2001-01-01,2021-03-01,243,N/A,N/A,ok
2021-03-01,2021-12-01,9,persistence,8132.0,7592.0,-540.0,2001-01-01,2021-03-01,243,N/A,N/A,ok
2021-03-01,2022-01-01,10,persistence,8022.0,7592.0,-430.0,2001-01-01,2021-03-01,243,N/A,N/A,ok
2021-03-01,2022-02-01,11,persistence,8262.0,7592.0,-670.0,2001-01-01,2021-03-01,243,N/A,N/A,ok
2021-03-01,2022-03-01,12,persistence,9563.0,7592.0,-1971.0,2001-01-01,2021-03-01,243,N/A,N/A,ok
2021-03-01,2021-04-01,1,seasonal_naive_12,7006.0,6243.0,-763.0,2001-01-01,2021-03-01,243,N/A,N/A,ok
2021-03-01,2021-05-01,2,seasonal_naive_12,7022.0,5660.0,-1362.0,2001-01-01,2021-03-01,243,N/A,N/A,ok
2021-03-01,2021-06-01,3,seasonal_naive_12,7379.0,6502.0,-877.0,2001-01-01,2021-03-01,243,N/A,N/A,ok
2021-03-01,2021-07-01,4,seasonal_naive_12,7803.0,7127.0,-676.0,2001-01-01,2021-03-01,243,N/A,N/A,ok
2021-03-01,2021-08-01,5,seasonal_naive_12,8378.0,7087.0,-1291.0,2001-01-01,2021-03-01,243,N/A,N/A,ok
2021-03-01,2021-09-01,6,seasonal_naive_12,8406.0,7550.0,-856.0,2001-01-01,2021-03-01,243,N/A,N/A,ok
2021-03-01,2021-10-01,7,seasonal_naive_12,7989.0,7539.0,-450.0,2001-01-01,2021-03-01,243,N/A,N/A,ok
2021-03-01,2021-11-01,8,seasonal_naive_12,8306.0,7159.0,-1147.0,2001-01-01,2021-03-01,243,N/A,N/A,ok
2021-03-01,2021-12-01,9,seasonal_naive_12,8132.0,6716.0,-1416.0,2001-01-01,2021-03-01,243,N/A,N/A,ok
2021-03-01,2022-01-01,10,seasonal_naive_12,8022.0,6948.0,-1074.0,2001-01-01,2021-03-01,243,N/A,N/A,ok
2021-03-01,2022-02-01,11,seasonal_naive_12,8262.0,6815.0,-1447.0,2001-01-01,2021-03-01,243,N/A,N/A,ok
2021-03-01,2022-03-01,12,seasonal_naive_12,9563.0,7592.0,-1971.0,2001-01-01,2021-03-01,243,N/A,N/A,ok
2021-03-01,2021-04-01,1,SARIMA,7006.0,6947.552264796814,-58.44773520318631,2001-01-01,2021-03-01,243,N/A,N/A,ok
2021-03-01,2021-05-01,2,SARIMA,7022.0,6834.708743765794,-187.29125623420623,2001-01-01,2021-03-01,243,N/A,N/A,ok
2021-03-01,2021-06-01,3,SARIMA,7379.0,6575.1623194563535,-803.8376805436465,2001-01-01,2021-03-01,243,N/A,N/A,ok
2021-03-01,2021-07-01,4,SARIMA,7803.0,7049.533103446556,-753.4668965534438,2001-01-01,2021-03-01,243,N/A,N/A,ok
2021-03-01,2021-08-01,5,SARIMA,8378.0,7389.061420330834,-988.9385796691658,2001-01-01,2021-03-01,243,N/A,N/A,ok
2021-03-01,2021-09-01,6,SARIMA,8406.0,7063.680491072622,-1342.3195089273777,2001-01-01,2021-03-01,243,N/A,N/A,ok
2021-03-01,2021-10-01,7,SARIMA,7989.0,7257.709629758698,-731.2903702413023,2001-01-01,2021-03-01,243,N/A,N/A,ok
2021-03-01,2021-11-01,8,SARIMA,8306.0,6844.31810508183,-1461.6818949181697,2001-01-01,2021-03-01,243,N/A,N/A,ok
2021-03-01,2021-12-01,9,SARIMA,8132.0,6399.614322036932,-1732.3856779630678,2001-01-01,2021-03-01,243,N/A,N/A,ok
2021-03-01,2022-01-01,10,SARIMA,8022.0,7099.543695634653,-922.456304365347,2001-01-01,2021-03-01,243,N/A,N/A,ok
2021-03-01,2022-02-01,11,SARIMA,8262.0,6474.713857024134,-1787.286142975866,2001-01-01,2021-03-01,243,N/A,N/A,ok
2021-03-01,2022-03-01,12,SARIMA,9563.0,7491.54593938099,-2071.4540606190103,2001-01-01,2021-03-01,243,N/A,N/A,ok
2021-04-01,2021-05-01,1,fractional,7022.0,7268.565909490921,246.5659094909206,2001-01-01,2021-04-01,244,20260815,TRAIN_ONLY_EXTRAPOLATION,ok
2021-04-01,2021-06-01,2,fractional,7379.0,7264.475912093651,-114.52408790634945,2001-01-01,2021-04-01,244,20260815,TRAIN_ONLY_EXTRAPOLATION,ok
2021-04-01,2021-07-01,3,fractional,7803.0,7260.383637581952,-542.6163624180481,2001-01-01,2021-04-01,244,20260815,TRAIN_ONLY_EXTRAPOLATION,ok
2021-04-01,2021-08-01,4,fractional,8378.0,7256.278885795269,-1121.7211142047308,2001-01-01,2021-04-01,244,20260815,TRAIN_ONLY_EXTRAPOLATION,ok
2021-04-01,2021-09-01,5,fractional,8406.0,7252.154813670553,-1153.8451863294467,2001-01-01,2021-04-01,244,20260815,TRAIN_ONLY_EXTRAPOLATION,ok
2021-04-01,2021-10-01,6,fractional,7989.0,7248.007315121591,-740.9926848784089,2001-01-01,2021-04-01,244,20260815,TRAIN_ONLY_EXTRAPOLATION,ok
2021-04-01,2021-11-01,7,fractional,8306.0,7243.8336396222,-1062.1663603777997,2001-01-01,2021-04-01,244,20260815,TRAIN_ONLY_EXTRAPOLATION,ok
2021-04-01,2021-12-01,8,fractional,8132.0,7239.631810249994,-892.3681897500064,2001-01-01,2021-04-01,244,20260815,TRAIN_ONLY_EXTRAPOLATION,ok
2021-04-01,2022-01-01,9,fractional,8022.0,7235.400336845778,-786.5996631542221,2001-01-01,2021-04-01,244,20260815,TRAIN_ONLY_EXTRAPOLATION,ok
2021-04-01,2022-02-01,10,fractional,8262.0,7231.138058276614,-1030.8619417233858,2001-01-01,2021-04-01,244,20260815,TRAIN_ONLY_EXTRAPOLATION,ok
2021-04-01,2022-03-01,11,fractional,9563.0,7226.84404736571,-2336.15595263429,2001-01-01,2021-04-01,244,20260815,TRAIN_ONLY_EXTRAPOLATION,ok
2021-04-01,2022-04-01,12,fractional,8215.0,7222.5175508977845,-992.4824491022155,2001-01-01,2021-04-01,244,20260815,TRAIN_ONLY_EXTRAPOLATION,ok
2021-04-01,2021-05-01,1,integer,7022.0,6604.959353296086,-417.0406467039138,2001-01-01,2021-04-01,244,20260815,TRAIN_ONLY_EXTRAPOLATION,ok
2021-04-01,2021-06-01,2,integer,7379.0,6594.273284528172,-784.7267154718284,2001-01-01,2021-04-01,244,20260815,TRAIN_ONLY_EXTRAPOLATION,ok
2021-04-01,2021-07-01,3,integer,7803.0,6583.568933414528,-1219.4310665854719,2001-01-01,2021-04-01,244,20260815,TRAIN_ONLY_EXTRAPOLATION,ok
2021-04-01,2021-08-01,4,integer,8378.0,6572.846153950784,-1805.1538460492156,2001-01-01,2021-04-01,244,20260815,TRAIN_ONLY_EXTRAPOLATION,ok
2021-04-01,2021-09-01,5,integer,8406.0,6562.104824284324,-1843.8951757156756,2001-01-01,2021-04-01,244,20260815,TRAIN_ONLY_EXTRAPOLATION,ok
2021-04-01,2021-10-01,6,integer,7989.0,6551.344844963402,-1437.6551550365984,2001-01-01,2021-04-01,244,20260815,TRAIN_ONLY_EXTRAPOLATION,ok
2021-04-01,2021-11-01,7,integer,8306.0,6540.566137311049,-1765.4338626889512,2001-01-01,2021-04-01,244,20260815,TRAIN_ONLY_EXTRAPOLATION,ok
2021-04-01,2021-12-01,8,integer,8132.0,6529.76864191331,-1602.2313580866903,2001-01-01,2021-04-01,244,20260815,TRAIN_ONLY_EXTRAPOLATION,ok
2021-04-01,2022-01-01,9,integer,8022.0,6518.95231722435,-1503.0476827756502,2001-01-01,2021-04-01,244,20260815,TRAIN_ONLY_EXTRAPOLATION,ok
2021-04-01,2022-02-01,10,integer,8262.0,6508.117138263537,-1753.8828617364634,2001-01-01,2021-04-01,244,20260815,TRAIN_ONLY_EXTRAPOLATION,ok
2021-04-01,2022-03-01,11,integer,9563.0,6497.2630954121705,-3065.7369045878295,2001-01-01,2021-04-01,244,20260815,TRAIN_ONLY_EXTRAPOLATION,ok
2021-04-01,2022-04-01,12,integer,8215.0,6486.390193294734,-1728.6098067052662,2001-01-01,2021-04-01,244,20260815,TRAIN_ONLY_EXTRAPOLATION,ok
2021-04-01,2021-05-01,1,persistence,7022.0,7006.0,-16.0,2001-01-01,2021-04-01,244,N/A,N/A,ok
2021-04-01,2021-06-01,2,persistence,7379.0,7006.0,-373.0,2001-01-01,2021-04-01,244,N/A,N/A,ok
2021-04-01,2021-07-01,3,persistence,7803.0,7006.0,-797.0,2001-01-01,2021-04-01,244,N/A,N/A,ok
2021-04-01,2021-08-01,4,persistence,8378.0,7006.0,-1372.0,2001-01-01,2021-04-01,244,N/A,N/A,ok
2021-04-01,2021-09-01,5,persistence,8406.0,7006.0,-1400.0,2001-01-01,2021-04-01,244,N/A,N/A,ok
2021-04-01,2021-10-01,6,persistence,7989.0,7006.0,-983.0,2001-01-01,2021-04-01,244,N/A,N/A,ok
2021-04-01,2021-11-01,7,persistence,8306.0,7006.0,-1300.0,2001-01-01,2021-04-01,244,N/A,N/A,ok
2021-04-01,2021-12-01,8,persistence,8132.0,7006.0,-1126.0,2001-01-01,2021-04-01,244,N/A,N/A,ok
2021-04-01,2022-01-01,9,persistence,8022.0,7006.0,-1016.0,2001-01-01,2021-04-01,244,N/A,N/A,ok
2021-04-01,2022-02-01,10,persistence,8262.0,7006.0,-1256.0,2001-01-01,2021-04-01,244,N/A,N/A,ok
2021-04-01,2022-03-01,11,persistence,9563.0,7006.0,-2557.0,2001-01-01,2021-04-01,244,N/A,N/A,ok
2021-04-01,2022-04-01,12,persistence,8215.0,7006.0,-1209.0,2001-01-01,2021-04-01,244,N/A,N/A,ok
2021-04-01,2021-05-01,1,seasonal_naive_12,7022.0,5660.0,-1362.0,2001-01-01,2021-04-01,244,N/A,N/A,ok
2021-04-01,2021-06-01,2,seasonal_naive_12,7379.0,6502.0,-877.0,2001-01-01,2021-04-01,244,N/A,N/A,ok
2021-04-01,2021-07-01,3,seasonal_naive_12,7803.0,7127.0,-676.0,2001-01-01,2021-04-01,244,N/A,N/A,ok
2021-04-01,2021-08-01,4,seasonal_naive_12,8378.0,7087.0,-1291.0,2001-01-01,2021-04-01,244,N/A,N/A,ok
2021-04-01,2021-09-01,5,seasonal_naive_12,8406.0,7550.0,-856.0,2001-01-01,2021-04-01,244,N/A,N/A,ok
2021-04-01,2021-10-01,6,seasonal_naive_12,7989.0,7539.0,-450.0,2001-01-01,2021-04-01,244,N/A,N/A,ok
2021-04-01,2021-11-01,7,seasonal_naive_12,8306.0,7159.0,-1147.0,2001-01-01,2021-04-01,244,N/A,N/A,ok
2021-04-01,2021-12-01,8,seasonal_naive_12,8132.0,6716.0,-1416.0,2001-01-01,2021-04-01,244,N/A,N/A,ok
2021-04-01,2022-01-01,9,seasonal_naive_12,8022.0,6948.0,-1074.0,2001-01-01,2021-04-01,244,N/A,N/A,ok
2021-04-01,2022-02-01,10,seasonal_naive_12,8262.0,6815.0,-1447.0,2001-01-01,2021-04-01,244,N/A,N/A,ok
2021-04-01,2022-03-01,11,seasonal_naive_12,9563.0,7592.0,-1971.0,2001-01-01,2021-04-01,244,N/A,N/A,ok
2021-04-01,2022-04-01,12,seasonal_naive_12,8215.0,7006.0,-1209.0,2001-01-01,2021-04-01,244,N/A,N/A,ok
2021-04-01,2021-05-01,1,SARIMA,7022.0,6849.3984818248555,-172.60151817514452,2001-01-01,2021-04-01,244,N/A,N/A,ok
2021-04-01,2021-06-01,2,SARIMA,7379.0,6589.909021278036,-789.0909787219643,2001-01-01,2021-04-01,244,N/A,N/A,ok
2021-04-01,2021-07-01,3,SARIMA,7803.0,7063.803492005702,-739.1965079942984,2001-01-01,2021-04-01,244,N/A,N/A,ok
2021-04-01,2021-08-01,4,SARIMA,8378.0,7404.372375881498,-973.6276241185024,2001-01-01,2021-04-01,244,N/A,N/A,ok
2021-04-01,2021-09-01,5,SARIMA,8406.0,7076.711726390839,-1329.2882736091606,2001-01-01,2021-04-01,244,N/A,N/A,ok
2021-04-01,2021-10-01,6,SARIMA,7989.0,7271.3177143145485,-717.6822856854515,2001-01-01,2021-04-01,244,N/A,N/A,ok
2021-04-01,2021-11-01,7,SARIMA,8306.0,6857.8463070405405,-1448.1536929594595,2001-01-01,2021-04-01,244,N/A,N/A,ok
2021-04-01,2021-12-01,8,SARIMA,8132.0,6413.335961900933,-1718.6640380990666,2001-01-01,2021-04-01,244,N/A,N/A,ok
2021-04-01,2022-01-01,9,SARIMA,8022.0,7114.75027794716,-907.2497220528403,2001-01-01,2021-04-01,244,N/A,N/A,ok
2021-04-01,2022-02-01,10,SARIMA,8262.0,6488.588090370358,-1773.4119096296417,2001-01-01,2021-04-01,244,N/A,N/A,ok
2021-04-01,2022-03-01,11,SARIMA,9563.0,7506.194180160853,-2056.8058198391473,2001-01-01,2021-04-01,244,N/A,N/A,ok
2021-04-01,2022-04-01,12,SARIMA,8215.0,7031.565809410203,-1183.4341905897973,2001-01-01,2021-04-01,244,N/A,N/A,ok
2021-05-01,2021-06-01,1,fractional,7379.0,7207.565804864746,-171.4341951352544,2001-01-01,2021-05-01,245,20260815,TRAIN_ONLY_EXTRAPOLATION,ok
2021-05-01,2021-07-01,2,fractional,7803.0,7203.36127894395,-599.6387210560497,2001-01-01,2021-05-01,245,20260815,TRAIN_ONLY_EXTRAPOLATION,ok
2021-05-01,2021-08-01,3,fractional,8378.0,7199.155877595767,-1178.8441224042326,2001-01-01,2021-05-01,245,20260815,TRAIN_ONLY_EXTRAPOLATION,ok
2021-05-01,2021-09-01,4,fractional,8406.0,7194.939620354911,-1211.0603796450887,2001-01-01,2021-05-01,245,20260815,TRAIN_ONLY_EXTRAPOLATION,ok
2021-05-01,2021-10-01,5,fractional,7989.0,7190.705834851367,-798.2941651486326,2001-01-01,2021-05-01,245,20260815,TRAIN_ONLY_EXTRAPOLATION,ok
2021-05-01,2021-11-01,6,fractional,8306.0,7186.450554372976,-1119.5494456270244,2001-01-01,2021-05-01,245,20260815,TRAIN_ONLY_EXTRAPOLATION,ok
2021-05-01,2021-12-01,7,fractional,8132.0,7182.171138873091,-949.828861126909,2001-01-01,2021-05-01,245,20260815,TRAIN_ONLY_EXTRAPOLATION,ok
2021-05-01,2022-01-01,8,fractional,8022.0,7177.865698074456,-844.1343019255437,2001-01-01,2021-05-01,245,20260815,TRAIN_ONLY_EXTRAPOLATION,ok
2021-05-01,2022-02-01,9,fractional,8262.0,7173.532809820492,-1088.4671901795082,2001-01-01,2021-05-01,245,20260815,TRAIN_ONLY_EXTRAPOLATION,ok
2021-05-01,2022-03-01,10,fractional,9563.0,7169.171365783317,-2393.828634216683,2001-01-01,2021-05-01,245,20260815,TRAIN_ONLY_EXTRAPOLATION,ok
2021-05-01,2022-04-01,11,fractional,8215.0,7164.780479700537,-1050.2195202994626,2001-01-01,2021-05-01,245,20260815,TRAIN_ONLY_EXTRAPOLATION,ok
2021-05-01,2022-05-01,12,fractional,8932.0,7160.359428970609,-1771.6405710293911,2001-01-01,2021-05-01,245,20260815,TRAIN_ONLY_EXTRAPOLATION,ok
2021-05-01,2021-06-01,1,integer,7379.0,6657.271697690478,-721.7283023095224,2001-01-01,2021-05-01,245,20260815,TRAIN_ONLY_EXTRAPOLATION,ok
2021-05-01,2021-07-01,2,integer,7803.0,6646.8358592856675,-1156.1641407143325,2001-01-01,2021-05-01,245,20260815,TRAIN_ONLY_EXTRAPOLATION,ok
2021-05-01,2021-08-01,3,integer,8378.0,6636.381389115937,-1741.618610884063,2001-01-01,2021-05-01,245,20260815,TRAIN_ONLY_EXTRAPOLATION,ok
2021-05-01,2021-09-01,4,integer,8406.0,6625.908181633335,-1780.0918183666654,2001-01-01,2021-05-01,245,20260815,TRAIN_ONLY_EXTRAPOLATION,ok
2021-05-01,2021-10-01,5,integer,7989.0,6615.416149091208,-1373.5838509087916,2001-01-01,2021-05-01,245,20260815,TRAIN_ONLY_EXTRAPOLATION,ok
2021-05-01,2021-11-01,6,integer,8306.0,6604.905220433371,-1701.0947795666289,2001-01-01,2021-05-01,245,20260815,TRAIN_ONLY_EXTRAPOLATION,ok
2021-05-01,2021-12-01,7,integer,8132.0,6594.375340249622,-1537.6246597503778,2001-01-01,2021-05-01,245,20260815,TRAIN_ONLY_EXTRAPOLATION,ok
2021-05-01,2022-01-01,8,integer,8022.0,6583.826467794832,-1438.1735322051682,2001-01-01,2021-05-01,245,20260815,TRAIN_ONLY_EXTRAPOLATION,ok
2021-05-01,2022-02-01,9,integer,8262.0,6573.258576073684,-1688.7414239263162,2001-01-01,2021-05-01,245,20260815,TRAIN_ONLY_EXTRAPOLATION,ok
2021-05-01,2022-03-01,10,integer,9563.0,6562.671650978038,-3000.328349021962,2001-01-01,2021-05-01,245,20260815,TRAIN_ONLY_EXTRAPOLATION,ok
2021-05-01,2022-04-01,11,integer,8215.0,6552.06569047994,-1662.9343095200602,2001-01-01,2021-05-01,245,20260815,TRAIN_ONLY_EXTRAPOLATION,ok
2021-05-01,2022-05-01,12,integer,8932.0,6541.440703872824,-2390.559296127176,2001-01-01,2021-05-01,245,20260815,TRAIN_ONLY_EXTRAPOLATION,ok
2021-05-01,2021-06-01,1,persistence,7379.0,7022.0,-357.0,2001-01-01,2021-05-01,245,N/A,N/A,ok
2021-05-01,2021-07-01,2,persistence,7803.0,7022.0,-781.0,2001-01-01,2021-05-01,245,N/A,N/A,ok
2021-05-01,2021-08-01,3,persistence,8378.0,7022.0,-1356.0,2001-01-01,2021-05-01,245,N/A,N/A,ok
2021-05-01,2021-09-01,4,persistence,8406.0,7022.0,-1384.0,2001-01-01,2021-05-01,245,N/A,N/A,ok
2021-05-01,2021-10-01,5,persistence,7989.0,7022.0,-967.0,2001-01-01,2021-05-01,245,N/A,N/A,ok
2021-05-01,2021-11-01,6,persistence,8306.0,7022.0,-1284.0,2001-01-01,2021-05-01,245,N/A,N/A,ok
2021-05-01,2021-12-01,7,persistence,8132.0,7022.0,-1110.0,2001-01-01,2021-05-01,245,N/A,N/A,ok
2021-05-01,2022-01-01,8,persistence,8022.0,7022.0,-1000.0,2001-01-01,2021-05-01,245,N/A,N/A,ok
2021-05-01,2022-02-01,9,persistence,8262.0,7022.0,-1240.0,2001-01-01,2021-05-01,245,N/A,N/A,ok
2021-05-01,2022-03-01,10,persistence,9563.0,7022.0,-2541.0,2001-01-01,2021-05-01,245,N/A,N/A,ok
2021-05-01,2022-04-01,11,persistence,8215.0,7022.0,-1193.0,2001-01-01,2021-05-01,245,N/A,N/A,ok
2021-05-01,2022-05-01,12,persistence,8932.0,7022.0,-1910.0,2001-01-01,2021-05-01,245,N/A,N/A,ok
2021-05-01,2021-06-01,1,seasonal_naive_12,7379.0,6502.0,-877.0,2001-01-01,2021-05-01,245,N/A,N/A,ok
2021-05-01,2021-07-01,2,seasonal_naive_12,7803.0,7127.0,-676.0,2001-01-01,2021-05-01,245,N/A,N/A,ok
2021-05-01,2021-08-01,3,seasonal_naive_12,8378.0,7087.0,-1291.0,2001-01-01,2021-05-01,245,N/A,N/A,ok
2021-05-01,2021-09-01,4,seasonal_naive_12,8406.0,7550.0,-856.0,2001-01-01,2021-05-01,245,N/A,N/A,ok
2021-05-01,2021-10-01,5,seasonal_naive_12,7989.0,7539.0,-450.0,2001-01-01,2021-05-01,245,N/A,N/A,ok
2021-05-01,2021-11-01,6,seasonal_naive_12,8306.0,7159.0,-1147.0,2001-01-01,2021-05-01,245,N/A,N/A,ok
2021-05-01,2021-12-01,7,seasonal_naive_12,8132.0,6716.0,-1416.0,2001-01-01,2021-05-01,245,N/A,N/A,ok
2021-05-01,2022-01-01,8,seasonal_naive_12,8022.0,6948.0,-1074.0,2001-01-01,2021-05-01,245,N/A,N/A,ok
2021-05-01,2022-02-01,9,seasonal_naive_12,8262.0,6815.0,-1447.0,2001-01-01,2021-05-01,245,N/A,N/A,ok
2021-05-01,2022-03-01,10,seasonal_naive_12,9563.0,7592.0,-1971.0,2001-01-01,2021-05-01,245,N/A,N/A,ok
2021-05-01,2022-04-01,11,seasonal_naive_12,8215.0,7006.0,-1209.0,2001-01-01,2021-05-01,245,N/A,N/A,ok
2021-05-01,2022-05-01,12,seasonal_naive_12,8932.0,7022.0,-1910.0,2001-01-01,2021-05-01,245,N/A,N/A,ok
2021-05-01,2021-06-01,1,SARIMA,7379.0,6620.379695501524,-758.6203044984759,2001-01-01,2021-05-01,245,N/A,N/A,ok
2021-05-01,2021-07-01,2,SARIMA,7803.0,7102.218708220406,-700.7812917795936,2001-01-01,2021-05-01,245,N/A,N/A,ok
2021-05-01,2021-08-01,3,SARIMA,8378.0,7445.769945007328,-932.2300549926722,2001-01-01,2021-05-01,245,N/A,N/A,ok
2021-05-01,2021-09-01,4,SARIMA,8406.0,7111.566640794496,-1294.4333592055036,2001-01-01,2021-05-01,245,N/A,N/A,ok
2021-05-01,2021-10-01,5,SARIMA,7989.0,7307.80752113606,-681.1924788639399,2001-01-01,2021-05-01,245,N/A,N/A,ok
2021-05-01,2021-11-01,6,SARIMA,8306.0,6894.134566288129,-1411.8654337118714,2001-01-01,2021-05-01,245,N/A,N/A,ok
2021-05-01,2021-12-01,7,SARIMA,8132.0,6450.049565870803,-1681.9504341291968,2001-01-01,2021-05-01,245,N/A,N/A,ok
2021-05-01,2022-01-01,8,SARIMA,8022.0,7156.114312088911,-865.885687911089,2001-01-01,2021-05-01,245,N/A,N/A,ok
2021-05-01,2022-02-01,9,SARIMA,8262.0,6525.905604663449,-1736.0943953365513,2001-01-01,2021-05-01,245,N/A,N/A,ok
2021-05-01,2022-03-01,10,SARIMA,9563.0,7545.6390501178075,-2017.3609498821925,2001-01-01,2021-05-01,245,N/A,N/A,ok
2021-05-01,2022-04-01,11,SARIMA,8215.0,7071.97799902128,-1143.02200097872,2001-01-01,2021-05-01,245,N/A,N/A,ok
2021-05-01,2022-05-01,12,SARIMA,8932.0,7052.131478168312,-1879.8685218316878,2001-01-01,2021-05-01,245,N/A,N/A,ok
2021-06-01,2021-07-01,1,fractional,7803.0,7222.005214071134,-580.9947859288659,2001-01-01,2021-06-01,246,20260815,TRAIN_ONLY_EXTRAPOLATION,ok
2021-06-01,2021-08-01,2,fractional,8378.0,7217.773432885297,-1160.2265671147034,2001-01-01,2021-06-01,246,20260815,TRAIN_ONLY_EXTRAPOLATION,ok
2021-06-01,2021-09-01,3,fractional,8406.0,7213.541976933135,-1192.4580230668653,2001-01-01,2021-06-01,246,20260815,TRAIN_ONLY_EXTRAPOLATION,ok
2021-06-01,2021-10-01,4,fractional,7989.0,7209.300749713089,-779.6992502869107,2001-01-01,2021-06-01,246,20260815,TRAIN_ONLY_EXTRAPOLATION,ok
2021-06-01,2021-11-01,5,fractional,8306.0,7205.043028070591,-1100.9569719294086,2001-01-01,2021-06-01,246,20260815,TRAIN_ONLY_EXTRAPOLATION,ok
2021-06-01,2021-12-01,6,fractional,8132.0,7200.764843439218,-931.2351565607823,2001-01-01,2021-06-01,246,20260815,TRAIN_ONLY_EXTRAPOLATION,ok
2021-06-01,2022-01-01,7,fractional,8022.0,7196.463568656705,-825.5364313432947,2001-01-01,2021-06-01,246,20260815,TRAIN_ONLY_EXTRAPOLATION,ok
2021-06-01,2022-02-01,8,fractional,8262.0,7192.137329993304,-1069.8626700066961,2001-01-01,2021-06-01,246,20260815,TRAIN_ONLY_EXTRAPOLATION,ok
2021-06-01,2022-03-01,9,fractional,9563.0,7187.784720628057,-2375.2152793719433,2001-01-01,2021-06-01,246,20260815,TRAIN_ONLY_EXTRAPOLATION,ok
2021-06-01,2022-04-01,10,fractional,8215.0,7183.40464507509,-1031.5953549249098,2001-01-01,2021-06-01,246,20260815,TRAIN_ONLY_EXTRAPOLATION,ok
2021-06-01,2022-05-01,11,fractional,8932.0,7178.99622686673,-1753.0037731332704,2001-01-01,2021-06-01,246,20260815,TRAIN_ONLY_EXTRAPOLATION,ok
2021-06-01,2022-06-01,12,fractional,8135.0,7174.5587501833215,-960.4412498166785,2001-01-01,2021-06-01,246,20260815,TRAIN_ONLY_EXTRAPOLATION,ok
2021-06-01,2021-07-01,1,integer,7803.0,6562.163384452462,-1240.8366155475378,2001-01-01,2021-06-01,246,20260815,TRAIN_ONLY_EXTRAPOLATION,ok
2021-06-01,2021-08-01,2,integer,8378.0,6551.3746345713735,-1826.6253654286265,2001-01-01,2021-06-01,246,20260815,TRAIN_ONLY_EXTRAPOLATION,ok
2021-06-01,2021-09-01,3,integer,8406.0,6540.568392623682,-1865.4316073763184,2001-01-01,2021-06-01,246,20260815,TRAIN_ONLY_EXTRAPOLATION,ok
2021-06-01,2021-10-01,4,integer,7989.0,6529.744509213604,-1459.255490786396,2001-01-01,2021-06-01,246,20260815,TRAIN_ONLY_EXTRAPOLATION,ok
2021-06-01,2021-11-01,5,integer,8306.0,6518.902859127382,-1787.0971408726182,2001-01-01,2021-06-01,246,20260815,TRAIN_ONLY_EXTRAPOLATION,ok
2021-06-01,2021-12-01,6,integer,8132.0,6508.0433395898435,-1623.9566604101565,2001-01-01,2021-06-01,246,20260815,TRAIN_ONLY_EXTRAPOLATION,ok
2021-06-01,2022-01-01,7,integer,8022.0,6497.165868652286,-1524.834131347714,2001-01-01,2021-06-01,246,20260815,TRAIN_ONLY_EXTRAPOLATION,ok
2021-06-01,2022-02-01,8,integer,8262.0,6486.270383690018,-1775.7296163099818,2001-01-01,2021-06-01,246,20260815,TRAIN_ONLY_EXTRAPOLATION,ok
2021-06-01,2022-03-01,9,integer,9563.0,6475.356840010965,-3087.6431599890348,2001-01-01,2021-06-01,246,20260815,TRAIN_ONLY_EXTRAPOLATION,ok
2021-06-01,2022-04-01,10,integer,8215.0,6464.4252095618285,-1750.5747904381715,2001-01-01,2021-06-01,246,20260815,TRAIN_ONLY_EXTRAPOLATION,ok
2021-06-01,2022-05-01,11,integer,8932.0,6453.475479728542,-2478.5245202714577,2001-01-01,2021-06-01,246,20260815,TRAIN_ONLY_EXTRAPOLATION,ok
2021-06-01,2022-06-01,12,integer,8135.0,6442.507652220083,-1692.4923477799166,2001-01-01,2021-06-01,246,20260815,TRAIN_ONLY_EXTRAPOLATION,ok
2021-06-01,2021-07-01,1,persistence,7803.0,7379.0,-424.0,2001-01-01,2021-06-01,246,N/A,N/A,ok
2021-06-01,2021-08-01,2,persistence,8378.0,7379.0,-999.0,2001-01-01,2021-06-01,246,N/A,N/A,ok
2021-06-01,2021-09-01,3,persistence,8406.0,7379.0,-1027.0,2001-01-01,2021-06-01,246,N/A,N/A,ok
2021-06-01,2021-10-01,4,persistence,7989.0,7379.0,-610.0,2001-01-01,2021-06-01,246,N/A,N/A,ok
2021-06-01,2021-11-01,5,persistence,8306.0,7379.0,-927.0,2001-01-01,2021-06-01,246,N/A,N/A,ok
2021-06-01,2021-12-01,6,persistence,8132.0,7379.0,-753.0,2001-01-01,2021-06-01,246,N/A,N/A,ok
2021-06-01,2022-01-01,7,persistence,8022.0,7379.0,-643.0,2001-01-01,2021-06-01,246,N/A,N/A,ok
2021-06-01,2022-02-01,8,persistence,8262.0,7379.0,-883.0,2001-01-01,2021-06-01,246,N/A,N/A,ok
2021-06-01,2022-03-01,9,persistence,9563.0,7379.0,-2184.0,2001-01-01,2021-06-01,246,N/A,N/A,ok
2021-06-01,2022-04-01,10,persistence,8215.0,7379.0,-836.0,2001-01-01,2021-06-01,246,N/A,N/A,ok
2021-06-01,2022-05-01,11,persistence,8932.0,7379.0,-1553.0,2001-01-01,2021-06-01,246,N/A,N/A,ok
2021-06-01,2022-06-01,12,persistence,8135.0,7379.0,-756.0,2001-01-01,2021-06-01,246,N/A,N/A,ok
2021-06-01,2021-07-01,1,seasonal_naive_12,7803.0,7127.0,-676.0,2001-01-01,2021-06-01,246,N/A,N/A,ok
2021-06-01,2021-08-01,2,seasonal_naive_12,8378.0,7087.0,-1291.0,2001-01-01,2021-06-01,246,N/A,N/A,ok
2021-06-01,2021-09-01,3,seasonal_naive_12,8406.0,7550.0,-856.0,2001-01-01,2021-06-01,246,N/A,N/A,ok
2021-06-01,2021-10-01,4,seasonal_naive_12,7989.0,7539.0,-450.0,2001-01-01,2021-06-01,246,N/A,N/A,ok
2021-06-01,2021-11-01,5,seasonal_naive_12,8306.0,7159.0,-1147.0,2001-01-01,2021-06-01,246,N/A,N/A,ok
2021-06-01,2021-12-01,6,seasonal_naive_12,8132.0,6716.0,-1416.0,2001-01-01,2021-06-01,246,N/A,N/A,ok
2021-06-01,2022-01-01,7,seasonal_naive_12,8022.0,6948.0,-1074.0,2001-01-01,2021-06-01,246,N/A,N/A,ok
2021-06-01,2022-02-01,8,seasonal_naive_12,8262.0,6815.0,-1447.0,2001-01-01,2021-06-01,246,N/A,N/A,ok
2021-06-01,2022-03-01,9,seasonal_naive_12,9563.0,7592.0,-1971.0,2001-01-01,2021-06-01,246,N/A,N/A,ok
2021-06-01,2022-04-01,10,seasonal_naive_12,8215.0,7006.0,-1209.0,2001-01-01,2021-06-01,246,N/A,N/A,ok
2021-06-01,2022-05-01,11,seasonal_naive_12,8932.0,7022.0,-1910.0,2001-01-01,2021-06-01,246,N/A,N/A,ok
2021-06-01,2022-06-01,12,seasonal_naive_12,8135.0,7379.0,-756.0,2001-01-01,2021-06-01,246,N/A,N/A,ok
2021-06-01,2021-07-01,1,SARIMA,7803.0,7223.443482763438,-579.5565172365623,2001-01-01,2021-06-01,246,N/A,N/A,ok
2021-06-01,2021-08-01,2,SARIMA,8378.0,7611.396975491975,-766.6030245080246,2001-01-01,2021-06-01,246,N/A,N/A,ok
2021-06-01,2021-09-01,3,SARIMA,8406.0,7271.1693159548895,-1134.8306840451105,2001-01-01,2021-06-01,246,N/A,N/A,ok
2021-06-01,2021-10-01,4,SARIMA,7989.0,7468.899531260081,-520.100468739919,2001-01-01,2021-06-01,246,N/A,N/A,ok
2021-06-01,2021-11-01,5,SARIMA,8306.0,7055.022174741159,-1250.9778252588412,2001-01-01,2021-06-01,246,N/A,N/A,ok
2021-06-01,2021-12-01,6,SARIMA,8132.0,6611.258029561166,-1520.741970438834,2001-01-01,2021-06-01,246,N/A,N/A,ok
2021-06-01,2022-01-01,7,SARIMA,8022.0,7322.096502271613,-699.9034977283873,2001-01-01,2021-06-01,246,N/A,N/A,ok
2021-06-01,2022-02-01,8,SARIMA,8262.0,6687.971475960315,-1574.0285240396852,2001-01-01,2021-06-01,246,N/A,N/A,ok
2021-06-01,2022-03-01,9,SARIMA,9563.0,7709.7997938152785,-1853.2002061847215,2001-01-01,2021-06-01,246,N/A,N/A,ok
2021-06-01,2022-04-01,10,SARIMA,8215.0,7237.013510938163,-977.9864890618373,2001-01-01,2021-06-01,246,N/A,N/A,ok
2021-06-01,2022-05-01,11,SARIMA,8932.0,7217.043781574684,-1714.9562184253164,2001-01-01,2021-06-01,246,N/A,N/A,ok
2021-06-01,2022-06-01,12,SARIMA,8135.0,6907.240565726352,-1227.7594342736484,2001-01-01,2021-06-01,246,N/A,N/A,ok
2021-07-01,2021-08-01,1,fractional,8378.0,7206.669357596431,-1171.330642403569,2001-01-01,2021-07-01,247,20260815,TRAIN_ONLY_EXTRAPOLATION,ok
2021-07-01,2021-09-01,2,fractional,8406.0,7202.482023493387,-1203.5179765066132,2001-01-01,2021-07-01,247,20260815,TRAIN_ONLY_EXTRAPOLATION,ok
2021-07-01,2021-10-01,3,fractional,7989.0,7198.296603039373,-790.7033969606273,2001-01-01,2021-07-01,247,20260815,TRAIN_ONLY_EXTRAPOLATION,ok
2021-07-01,2021-11-01,4,fractional,8306.0,7194.102671016706,-1111.8973289832938,2001-01-01,2021-07-01,247,20260815,TRAIN_ONLY_EXTRAPOLATION,ok
2021-07-01,2021-12-01,5,fractional,8132.0,7189.8933035058435,-942.1066964941565,2001-01-01,2021-07-01,247,20260815,TRAIN_ONLY_EXTRAPOLATION,ok
2021-07-01,2022-01-01,6,fractional,8022.0,7185.664434859529,-836.3355651404709,2001-01-01,2021-07-01,247,20260815,TRAIN_ONLY_EXTRAPOLATION,ok
2021-07-01,2022-02-01,7,fractional,8262.0,7181.413386797998,-1080.586613202002,2001-01-01,2021-07-01,247,20260815,TRAIN_ONLY_EXTRAPOLATION,ok
2021-07-01,2022-03-01,8,fractional,9563.0,7177.138256142614,-2385.8617438573856,2001-01-01,2021-07-01,247,20260815,TRAIN_ONLY_EXTRAPOLATION,ok
2021-07-01,2022-04-01,9,fractional,8215.0,7172.837618594058,-1042.1623814059421,2001-01-01,2021-07-01,247,20260815,TRAIN_ONLY_EXTRAPOLATION,ok
2021-07-01,2022-05-01,10,fractional,8932.0,7168.5103677113075,-1763.4896322886925,2001-01-01,2021-07-01,247,20260815,TRAIN_ONLY_EXTRAPOLATION,ok
2021-07-01,2022-06-01,11,fractional,8135.0,7164.155619580997,-970.8443804190028,2001-01-01,2021-07-01,247,20260815,TRAIN_ONLY_EXTRAPOLATION,ok
2021-07-01,2022-07-01,12,fractional,8647.0,7159.772653489141,-1487.2273465108592,2001-01-01,2021-07-01,247,20260815,TRAIN_ONLY_EXTRAPOLATION,ok
2021-07-01,2021-08-01,1,integer,8378.0,6639.42291837302,-1738.5770816269796,2001-01-01,2021-07-01,247,20260815,TRAIN_ONLY_EXTRAPOLATION,ok
2021-07-01,2021-09-01,2,integer,8406.0,6628.9642405803315,-1777.0357594196685,2001-01-01,2021-07-01,247,20260815,TRAIN_ONLY_EXTRAPOLATION,ok
2021-07-01,2021-10-01,3,integer,7989.0,6618.487401543884,-1370.5125984561164,2001-01-01,2021-07-01,247,20260815,TRAIN_ONLY_EXTRAPOLATION,ok
2021-07-01,2021-11-01,4,integer,8306.0,6607.992291185074,-1698.0077088149264,2001-01-01,2021-07-01,247,20260815,TRAIN_ONLY_EXTRAPOLATION,ok
2021-07-01,2021-12-01,5,integer,8132.0,6597.478817306226,-1534.5211826937739,2001-01-01,2021-07-01,247,20260815,TRAIN_ONLY_EXTRAPOLATION,ok
2021-07-01,2022-01-01,6,integer,8022.0,6586.946904479526,-1435.053095520474,2001-01-01,2021-07-01,247,20260815,TRAIN_ONLY_EXTRAPOLATION,ok
2021-07-01,2022-02-01,7,integer,8262.0,6576.396493006963,-1685.6035069930367,2001-01-01,2021-07-01,247,20260815,TRAIN_ONLY_EXTRAPOLATION,ok
2021-07-01,2022-03-01,8,integer,9563.0,6565.827537941979,-2997.1724620580208,2001-01-01,2021-07-01,247,20260815,TRAIN_ONLY_EXTRAPOLATION,ok
2021-07-01,2022-04-01,9,integer,8215.0,6555.240008174209,-1659.759991825791,2001-01-01,2021-07-01,247,20260815,TRAIN_ONLY_EXTRAPOLATION,ok
2021-07-01,2022-05-01,10,integer,8932.0,6544.633885565912,-2387.3661144340876,2001-01-01,2021-07-01,247,20260815,TRAIN_ONLY_EXTRAPOLATION,ok
2021-07-01,2022-06-01,11,integer,8135.0,6534.009164147312,-1600.9908358526882,2001-01-01,2021-07-01,247,20260815,TRAIN_ONLY_EXTRAPOLATION,ok
2021-07-01,2022-07-01,12,integer,8647.0,6523.365849357331,-2123.634150642669,2001-01-01,2021-07-01,247,20260815,TRAIN_ONLY_EXTRAPOLATION,ok
2021-07-01,2021-08-01,1,persistence,8378.0,7803.0,-575.0,2001-01-01,2021-07-01,247,N/A,N/A,ok
2021-07-01,2021-09-01,2,persistence,8406.0,7803.0,-603.0,2001-01-01,2021-07-01,247,N/A,N/A,ok
2021-07-01,2021-10-01,3,persistence,7989.0,7803.0,-186.0,2001-01-01,2021-07-01,247,N/A,N/A,ok
2021-07-01,2021-11-01,4,persistence,8306.0,7803.0,-503.0,2001-01-01,2021-07-01,247,N/A,N/A,ok
2021-07-01,2021-12-01,5,persistence,8132.0,7803.0,-329.0,2001-01-01,2021-07-01,247,N/A,N/A,ok
2021-07-01,2022-01-01,6,persistence,8022.0,7803.0,-219.0,2001-01-01,2021-07-01,247,N/A,N/A,ok
2021-07-01,2022-02-01,7,persistence,8262.0,7803.0,-459.0,2001-01-01,2021-07-01,247,N/A,N/A,ok
2021-07-01,2022-03-01,8,persistence,9563.0,7803.0,-1760.0,2001-01-01,2021-07-01,247,N/A,N/A,ok
2021-07-01,2022-04-01,9,persistence,8215.0,7803.0,-412.0,2001-01-01,2021-07-01,247,N/A,N/A,ok
2021-07-01,2022-05-01,10,persistence,8932.0,7803.0,-1129.0,2001-01-01,2021-07-01,247,N/A,N/A,ok
2021-07-01,2022-06-01,11,persistence,8135.0,7803.0,-332.0,2001-01-01,2021-07-01,247,N/A,N/A,ok
2021-07-01,2022-07-01,12,persistence,8647.0,7803.0,-844.0,2001-01-01,2021-07-01,247,N/A,N/A,ok
2021-07-01,2021-08-01,1,seasonal_naive_12,8378.0,7087.0,-1291.0,2001-01-01,2021-07-01,247,N/A,N/A,ok
2021-07-01,2021-09-01,2,seasonal_naive_12,8406.0,7550.0,-856.0,2001-01-01,2021-07-01,247,N/A,N/A,ok
2021-07-01,2021-10-01,3,seasonal_naive_12,7989.0,7539.0,-450.0,2001-01-01,2021-07-01,247,N/A,N/A,ok
2021-07-01,2021-11-01,4,seasonal_naive_12,8306.0,7159.0,-1147.0,2001-01-01,2021-07-01,247,N/A,N/A,ok
2021-07-01,2021-12-01,5,seasonal_naive_12,8132.0,6716.0,-1416.0,2001-01-01,2021-07-01,247,N/A,N/A,ok
2021-07-01,2022-01-01,6,seasonal_naive_12,8022.0,6948.0,-1074.0,2001-01-01,2021-07-01,247,N/A,N/A,ok
2021-07-01,2022-02-01,7,seasonal_naive_12,8262.0,6815.0,-1447.0,2001-01-01,2021-07-01,247,N/A,N/A,ok
2021-07-01,2022-03-01,8,seasonal_naive_12,9563.0,7592.0,-1971.0,2001-01-01,2021-07-01,247,N/A,N/A,ok
2021-07-01,2022-04-01,9,seasonal_naive_12,8215.0,7006.0,-1209.0,2001-01-01,2021-07-01,247,N/A,N/A,ok
2021-07-01,2022-05-01,10,seasonal_naive_12,8932.0,7022.0,-1910.0,2001-01-01,2021-07-01,247,N/A,N/A,ok
2021-07-01,2022-06-01,11,seasonal_naive_12,8135.0,7379.0,-756.0,2001-01-01,2021-07-01,247,N/A,N/A,ok
2021-07-01,2022-07-01,12,seasonal_naive_12,8647.0,7803.0,-844.0,2001-01-01,2021-07-01,247,N/A,N/A,ok
2021-07-01,2021-08-01,1,SARIMA,8378.0,7710.716316819412,-667.283683180588,2001-01-01,2021-07-01,247,N/A,N/A,ok
2021-07-01,2021-09-01,2,SARIMA,8406.0,7395.722727090012,-1010.2772729099879,2001-01-01,2021-07-01,247,N/A,N/A,ok
2021-07-01,2021-10-01,3,SARIMA,7989.0,7593.8372048958845,-395.1627951041155,2001-01-01,2021-07-01,247,N/A,N/A,ok
2021-07-01,2021-11-01,4,SARIMA,8306.0,7179.735632827702,-1126.264367172298,2001-01-01,2021-07-01,247,N/A,N/A,ok
2021-07-01,2021-12-01,5,SARIMA,8132.0,6736.474973609455,-1395.5250263905446,2001-01-01,2021-07-01,247,N/A,N/A,ok
2021-07-01,2022-01-01,6,SARIMA,8022.0,7447.895209102158,-574.1047908978417,2001-01-01,2021-07-01,247,N/A,N/A,ok
2021-07-01,2022-02-01,7,SARIMA,8262.0,6813.469657734462,-1448.530342265538,2001-01-01,2021-07-01,247,N/A,N/A,ok
2021-07-01,2022-03-01,8,SARIMA,9563.0,7835.59496304405,-1727.40503695595,2001-01-01,2021-07-01,247,N/A,N/A,ok
2021-07-01,2022-04-01,9,SARIMA,8215.0,7362.835313698266,-852.164686301734,2001-01-01,2021-07-01,247,N/A,N/A,ok
2021-07-01,2022-05-01,10,SARIMA,8932.0,7342.909244174583,-1589.0907558254166,2001-01-01,2021-07-01,247,N/A,N/A,ok
2021-07-01,2022-06-01,11,SARIMA,8135.0,7032.182211734236,-1102.8177882657637,2001-01-01,2021-07-01,247,N/A,N/A,ok
2021-07-01,2022-07-01,12,SARIMA,8647.0,7476.6423140176,-1170.3576859823997,2001-01-01,2021-07-01,247,N/A,N/A,ok
2021-08-01,2021-09-01,1,fractional,8406.0,7302.091746456921,-1103.908253543079,2001-01-01,2021-08-01,248,20260815,TRAIN_ONLY_EXTRAPOLATION,ok
2021-08-01,2021-10-01,2,fractional,7989.0,7298.237394362222,-690.7626056377776,2001-01-01,2021-08-01,248,20260815,TRAIN_ONLY_EXTRAPOLATION,ok
2021-08-01,2021-11-01,3,fractional,8306.0,7294.386697663227,-1011.6133023367729,2001-01-01,2021-08-01,248,20260815,TRAIN_ONLY_EXTRAPOLATION,ok
2021-08-01,2021-12-01,4,fractional,8132.0,7290.5277747523505,-841.4722252476495,2001-01-01,2021-08-01,248,20260815,TRAIN_ONLY_EXTRAPOLATION,ok
2021-08-01,2022-01-01,5,fractional,8022.0,7286.652719259961,-735.3472807400394,2001-01-01,2021-08-01,248,20260815,TRAIN_ONLY_EXTRAPOLATION,ok
2021-08-01,2022-02-01,6,fractional,8262.0,7282.756890481105,-979.2431095188949,2001-01-01,2021-08-01,248,20260815,TRAIN_ONLY_EXTRAPOLATION,ok
2021-08-01,2022-03-01,7,fractional,9563.0,7278.837232367834,-2284.162767632166,2001-01-01,2021-08-01,248,20260815,TRAIN_ONLY_EXTRAPOLATION,ok
2021-08-01,2022-04-01,8,fractional,8215.0,7274.8915748824365,-940.1084251175635,2001-01-01,2021-08-01,248,20260815,TRAIN_ONLY_EXTRAPOLATION,ok
2021-08-01,2022-05-01,9,fractional,8932.0,7270.918296016986,-1661.0817039830144,2001-01-01,2021-08-01,248,20260815,TRAIN_ONLY_EXTRAPOLATION,ok
2021-08-01,2022-06-01,10,fractional,8135.0,7266.91613780614,-868.0838621938601,2001-01-01,2021-08-01,248,20260815,TRAIN_ONLY_EXTRAPOLATION,ok
2021-08-01,2022-07-01,11,fractional,8647.0,7262.884097602218,-1384.1159023977816,2001-01-01,2021-08-01,248,20260815,TRAIN_ONLY_EXTRAPOLATION,ok
2021-08-01,2022-08-01,12,fractional,9445.0,7258.821360524045,-2186.1786394759547,2001-01-01,2021-08-01,248,20260815,TRAIN_ONLY_EXTRAPOLATION,ok
2021-08-01,2021-09-01,1,integer,8406.0,6664.562504204921,-1741.4374957950786,2001-01-01,2021-08-01,248,20260815,TRAIN_ONLY_EXTRAPOLATION,ok
2021-08-01,2021-10-01,2,integer,7989.0,6654.07921057567,-1334.92078942433,2001-01-01,2021-08-01,248,20260815,TRAIN_ONLY_EXTRAPOLATION,ok
2021-08-01,2021-11-01,3,integer,8306.0,6643.577218540944,-1662.4227814590558,2001-01-01,2021-08-01,248,20260815,TRAIN_ONLY_EXTRAPOLATION,ok
2021-08-01,2021-12-01,4,integer,8132.0,6633.056390133686,-1498.9436098663136,2001-01-01,2021-08-01,248,20260815,TRAIN_ONLY_EXTRAPOLATION,ok
2021-08-01,2022-01-01,5,integer,8022.0,6622.516608417034,-1399.4833915829659,2001-01-01,2021-08-01,248,20260815,TRAIN_ONLY_EXTRAPOLATION,ok
2021-08-01,2022-02-01,6,integer,8262.0,6611.957776105031,-1650.0422238949686,2001-01-01,2021-08-01,248,20260815,TRAIN_ONLY_EXTRAPOLATION,ok
2021-08-01,2022-03-01,7,integer,9563.0,6601.379814272514,-2961.6201857274864,2001-01-01,2021-08-01,248,20260815,TRAIN_ONLY_EXTRAPOLATION,ok
2021-08-01,2022-04-01,8,integer,8215.0,6590.782661148347,-1624.217338851653,2001-01-01,2021-08-01,248,20260815,TRAIN_ONLY_EXTRAPOLATION,ok
2021-08-01,2022-05-01,9,integer,8932.0,6580.166270989459,-2351.833729010541,2001-01-01,2021-08-01,248,20260815,TRAIN_ONLY_EXTRAPOLATION,ok
2021-08-01,2022-06-01,10,integer,8135.0,6569.530613026582,-1565.4693869734183,2001-01-01,2021-08-01,248,20260815,TRAIN_ONLY_EXTRAPOLATION,ok
2021-08-01,2022-07-01,11,integer,8647.0,6558.87567048124,-2088.1243295187596,2001-01-01,2021-08-01,248,20260815,TRAIN_ONLY_EXTRAPOLATION,ok
2021-08-01,2022-08-01,12,integer,9445.0,6548.201439642813,-2896.798560357187,2001-01-01,2021-08-01,248,20260815,TRAIN_ONLY_EXTRAPOLATION,ok
2021-08-01,2021-09-01,1,persistence,8406.0,8378.0,-28.0,2001-01-01,2021-08-01,248,N/A,N/A,ok
2021-08-01,2021-10-01,2,persistence,7989.0,8378.0,389.0,2001-01-01,2021-08-01,248,N/A,N/A,ok
2021-08-01,2021-11-01,3,persistence,8306.0,8378.0,72.0,2001-01-01,2021-08-01,248,N/A,N/A,ok
2021-08-01,2021-12-01,4,persistence,8132.0,8378.0,246.0,2001-01-01,2021-08-01,248,N/A,N/A,ok
2021-08-01,2022-01-01,5,persistence,8022.0,8378.0,356.0,2001-01-01,2021-08-01,248,N/A,N/A,ok
2021-08-01,2022-02-01,6,persistence,8262.0,8378.0,116.0,2001-01-01,2021-08-01,248,N/A,N/A,ok
2021-08-01,2022-03-01,7,persistence,9563.0,8378.0,-1185.0,2001-01-01,2021-08-01,248,N/A,N/A,ok
2021-08-01,2022-04-01,8,persistence,8215.0,8378.0,163.0,2001-01-01,2021-08-01,248,N/A,N/A,ok
2021-08-01,2022-05-01,9,persistence,8932.0,8378.0,-554.0,2001-01-01,2021-08-01,248,N/A,N/A,ok
2021-08-01,2022-06-01,10,persistence,8135.0,8378.0,243.0,2001-01-01,2021-08-01,248,N/A,N/A,ok
2021-08-01,2022-07-01,11,persistence,8647.0,8378.0,-269.0,2001-01-01,2021-08-01,248,N/A,N/A,ok
2021-08-01,2022-08-01,12,persistence,9445.0,8378.0,-1067.0,2001-01-01,2021-08-01,248,N/A,N/A,ok
2021-08-01,2021-09-01,1,seasonal_naive_12,8406.0,7550.0,-856.0,2001-01-01,2021-08-01,248,N/A,N/A,ok
2021-08-01,2021-10-01,2,seasonal_naive_12,7989.0,7539.0,-450.0,2001-01-01,2021-08-01,248,N/A,N/A,ok
2021-08-01,2021-11-01,3,seasonal_naive_12,8306.0,7159.0,-1147.0,2001-01-01,2021-08-01,248,N/A,N/A,ok
2021-08-01,2021-12-01,4,seasonal_naive_12,8132.0,6716.0,-1416.0,2001-01-01,2021-08-01,248,N/A,N/A,ok
2021-08-01,2022-01-01,5,seasonal_naive_12,8022.0,6948.0,-1074.0,2001-01-01,2021-08-01,248,N/A,N/A,ok
2021-08-01,2022-02-01,6,seasonal_naive_12,8262.0,6815.0,-1447.0,2001-01-01,2021-08-01,248,N/A,N/A,ok
2021-08-01,2022-03-01,7,seasonal_naive_12,9563.0,7592.0,-1971.0,2001-01-01,2021-08-01,248,N/A,N/A,ok
2021-08-01,2022-04-01,8,seasonal_naive_12,8215.0,7006.0,-1209.0,2001-01-01,2021-08-01,248,N/A,N/A,ok
2021-08-01,2022-05-01,9,seasonal_naive_12,8932.0,7022.0,-1910.0,2001-01-01,2021-08-01,248,N/A,N/A,ok
2021-08-01,2022-06-01,10,seasonal_naive_12,8135.0,7379.0,-756.0,2001-01-01,2021-08-01,248,N/A,N/A,ok
2021-08-01,2022-07-01,11,seasonal_naive_12,8647.0,7803.0,-844.0,2001-01-01,2021-08-01,248,N/A,N/A,ok
2021-08-01,2022-08-01,12,seasonal_naive_12,9445.0,8378.0,-1067.0,2001-01-01,2021-08-01,248,N/A,N/A,ok
2021-08-01,2021-09-01,1,SARIMA,8406.0,7521.184772707628,-884.8152272923717,2001-01-01,2021-08-01,248,N/A,N/A,ok
2021-08-01,2021-10-01,2,SARIMA,7989.0,7750.028965291476,-238.9710347085238,2001-01-01,2021-08-01,248,N/A,N/A,ok
2021-08-01,2021-11-01,3,SARIMA,8306.0,7335.838950241646,-970.1610497583542,2001-01-01,2021-08-01,248,N/A,N/A,ok
2021-08-01,2021-12-01,4,SARIMA,8132.0,6892.976740254938,-1239.0232597450622,2001-01-01,2021-08-01,248,N/A,N/A,ok
2021-08-01,2022-01-01,5,SARIMA,8022.0,7607.703781989529,-414.2962180104714,2001-01-01,2021-08-01,248,N/A,N/A,ok
2021-08-01,2022-02-01,6,SARIMA,8262.0,6970.498262682847,-1291.5017373171531,2001-01-01,2021-08-01,248,N/A,N/A,ok
2021-08-01,2022-03-01,7,SARIMA,9563.0,7994.099652936438,-1568.9003470635616,2001-01-01,2021-08-01,248,N/A,N/A,ok
2021-08-01,2022-04-01,8,SARIMA,8215.0,7521.998556917351,-693.0014430826486,2001-01-01,2021-08-01,248,N/A,N/A,ok
2021-08-01,2022-05-01,9,SARIMA,8932.0,7501.8434878247745,-1430.1565121752255,2001-01-01,2021-08-01,248,N/A,N/A,ok
2021-08-01,2022-06-01,10,SARIMA,8135.0,7187.194301074831,-947.805698925169,2001-01-01,2021-08-01,248,N/A,N/A,ok
2021-08-01,2022-07-01,11,SARIMA,8647.0,7631.848952988153,-1015.1510470118474,2001-01-01,2021-08-01,248,N/A,N/A,ok
2021-08-01,2022-08-01,12,SARIMA,9445.0,8062.582076920392,-1382.417923079608,2001-01-01,2021-08-01,248,N/A,N/A,ok
2021-09-01,2021-10-01,1,fractional,7989.0,7289.1949425784405,-699.8050574215595,2001-01-01,2021-09-01,249,20260815,TRAIN_ONLY_EXTRAPOLATION,ok
2021-09-01,2021-11-01,2,fractional,8306.0,7284.971413881285,-1021.0285861187149,2001-01-01,2021-09-01,249,20260815,TRAIN_ONLY_EXTRAPOLATION,ok
2021-09-01,2021-12-01,3,fractional,8132.0,7280.750560299028,-851.2494397009723,2001-01-01,2021-09-01,249,20260815,TRAIN_ONLY_EXTRAPOLATION,ok
2021-09-01,2022-01-01,4,fractional,8022.0,7276.519911819138,-745.4800881808624,2001-01-01,2021-09-01,249,20260815,TRAIN_ONLY_EXTRAPOLATION,ok
2021-09-01,2022-02-01,5,fractional,8262.0,7272.271160781616,-989.7288392183837,2001-01-01,2021-09-01,249,20260815,TRAIN_ONLY_EXTRAPOLATION,ok
2021-09-01,2022-03-01,6,fractional,9563.0,7267.999414947582,-2295.0005850524176,2001-01-01,2021-09-01,249,20260815,TRAIN_ONLY_EXTRAPOLATION,ok
2021-09-01,2022-04-01,7,fractional,8215.0,7263.701452218927,-951.2985477810726,2001-01-01,2021-09-01,249,20260815,TRAIN_ONLY_EXTRAPOLATION,ok
2021-09-01,2022-05-01,8,fractional,8932.0,7259.374992077472,-1672.6250079225283,2001-01-01,2021-09-01,249,20260815,TRAIN_ONLY_EXTRAPOLATION,ok
2021-09-01,2022-06-01,9,fractional,8135.0,7255.018340683775,-879.981659316225,2001-01-01,2021-09-01,249,20260815,TRAIN_ONLY_EXTRAPOLATION,ok
2021-09-01,2022-07-01,10,fractional,8647.0,7250.630197228631,-1396.369802771369,2001-01-01,2021-09-01,249,20260815,TRAIN_ONLY_EXTRAPOLATION,ok
2021-09-01,2022-08-01,11,fractional,9445.0,7246.209537628107,-2198.790462371893,2001-01-01,2021-09-01,249,20260815,TRAIN_ONLY_EXTRAPOLATION,ok
2021-09-01,2022-09-01,12,fractional,8625.0,7241.75554245594,-1383.2444575440604,2001-01-01,2021-09-01,249,20260815,TRAIN_ONLY_EXTRAPOLATION,ok
2021-09-01,2021-10-01,1,integer,7989.0,6640.800629567588,-1348.1993704324123,2001-01-01,2021-09-01,249,20260815,TRAIN_ONLY_EXTRAPOLATION,ok
2021-09-01,2021-11-01,2,integer,8306.0,6630.3399234614335,-1675.6600765385665,2001-01-01,2021-09-01,249,20260815,TRAIN_ONLY_EXTRAPOLATION,ok
2021-09-01,2021-12-01,3,integer,8132.0,6619.861184168607,-1512.138815831393,2001-01-01,2021-09-01,249,20260815,TRAIN_ONLY_EXTRAPOLATION,ok
2021-09-01,2022-01-01,4,integer,8022.0,6609.364280195441,-1412.635719804559,2001-01-01,2021-09-01,249,20260815,TRAIN_ONLY_EXTRAPOLATION,ok
2021-09-01,2022-02-01,5,integer,8262.0,6598.849100011401,-1663.1508999885991,2001-01-01,2021-09-01,249,20260815,TRAIN_ONLY_EXTRAPOLATION,ok
2021-09-01,2022-03-01,6,integer,9563.0,6588.315550762229,-2974.6844492377713,2001-01-01,2021-09-01,249,20260815,TRAIN_ONLY_EXTRAPOLATION,ok
2021-09-01,2022-04-01,7,integer,8215.0,6577.763557067839,-1637.2364429321606,2001-01-01,2021-09-01,249,20260815,TRAIN_ONLY_EXTRAPOLATION,ok
2021-09-01,2022-05-01,8,integer,8932.0,6567.193059893558,-2364.806940106442,2001-01-01,2021-09-01,249,20260815,TRAIN_ONLY_EXTRAPOLATION,ok
2021-09-01,2022-06-01,9,integer,8135.0,6556.604015497258,-1578.395984502742,2001-01-01,2021-09-01,249,20260815,TRAIN_ONLY_EXTRAPOLATION,ok
2021-09-01,2022-07-01,10,integer,8647.0,6545.996394441463,-2101.003605558537,2001-01-01,2021-09-01,249,20260815,TRAIN_ONLY_EXTRAPOLATION,ok
2021-09-01,2022-08-01,11,integer,9445.0,6535.3701806708705,-2909.6298193291295,2001-01-01,2021-09-01,249,20260815,TRAIN_ONLY_EXTRAPOLATION,ok
2021-09-01,2022-09-01,12,integer,8625.0,6524.725370645989,-2100.2746293540113,2001-01-01,2021-09-01,249,20260815,TRAIN_ONLY_EXTRAPOLATION,ok
2021-09-01,2021-10-01,1,persistence,7989.0,8406.0,417.0,2001-01-01,2021-09-01,249,N/A,N/A,ok
2021-09-01,2021-11-01,2,persistence,8306.0,8406.0,100.0,2001-01-01,2021-09-01,249,N/A,N/A,ok
2021-09-01,2021-12-01,3,persistence,8132.0,8406.0,274.0,2001-01-01,2021-09-01,249,N/A,N/A,ok
2021-09-01,2022-01-01,4,persistence,8022.0,8406.0,384.0,2001-01-01,2021-09-01,249,N/A,N/A,ok
2021-09-01,2022-02-01,5,persistence,8262.0,8406.0,144.0,2001-01-01,2021-09-01,249,N/A,N/A,ok
2021-09-01,2022-03-01,6,persistence,9563.0,8406.0,-1157.0,2001-01-01,2021-09-01,249,N/A,N/A,ok
2021-09-01,2022-04-01,7,persistence,8215.0,8406.0,191.0,2001-01-01,2021-09-01,249,N/A,N/A,ok
2021-09-01,2022-05-01,8,persistence,8932.0,8406.0,-526.0,2001-01-01,2021-09-01,249,N/A,N/A,ok
2021-09-01,2022-06-01,9,persistence,8135.0,8406.0,271.0,2001-01-01,2021-09-01,249,N/A,N/A,ok
2021-09-01,2022-07-01,10,persistence,8647.0,8406.0,-241.0,2001-01-01,2021-09-01,249,N/A,N/A,ok
2021-09-01,2022-08-01,11,persistence,9445.0,8406.0,-1039.0,2001-01-01,2021-09-01,249,N/A,N/A,ok
2021-09-01,2022-09-01,12,persistence,8625.0,8406.0,-219.0,2001-01-01,2021-09-01,249,N/A,N/A,ok
2021-09-01,2021-10-01,1,seasonal_naive_12,7989.0,7539.0,-450.0,2001-01-01,2021-09-01,249,N/A,N/A,ok
2021-09-01,2021-11-01,2,seasonal_naive_12,8306.0,7159.0,-1147.0,2001-01-01,2021-09-01,249,N/A,N/A,ok
2021-09-01,2021-12-01,3,seasonal_naive_12,8132.0,6716.0,-1416.0,2001-01-01,2021-09-01,249,N/A,N/A,ok
2021-09-01,2022-01-01,4,seasonal_naive_12,8022.0,6948.0,-1074.0,2001-01-01,2021-09-01,249,N/A,N/A,ok
2021-09-01,2022-02-01,5,seasonal_naive_12,8262.0,6815.0,-1447.0,2001-01-01,2021-09-01,249,N/A,N/A,ok
2021-09-01,2022-03-01,6,seasonal_naive_12,9563.0,7592.0,-1971.0,2001-01-01,2021-09-01,249,N/A,N/A,ok
2021-09-01,2022-04-01,7,seasonal_naive_12,8215.0,7006.0,-1209.0,2001-01-01,2021-09-01,249,N/A,N/A,ok
2021-09-01,2022-05-01,8,seasonal_naive_12,8932.0,7022.0,-1910.0,2001-01-01,2021-09-01,249,N/A,N/A,ok
2021-09-01,2022-06-01,9,seasonal_naive_12,8135.0,7379.0,-756.0,2001-01-01,2021-09-01,249,N/A,N/A,ok
2021-09-01,2022-07-01,10,seasonal_naive_12,8647.0,7803.0,-844.0,2001-01-01,2021-09-01,249,N/A,N/A,ok
2021-09-01,2022-08-01,11,seasonal_naive_12,9445.0,8378.0,-1067.0,2001-01-01,2021-09-01,249,N/A,N/A,ok
2021-09-01,2022-09-01,12,seasonal_naive_12,8625.0,8406.0,-219.0,2001-01-01,2021-09-01,249,N/A,N/A,ok
2021-09-01,2021-10-01,1,SARIMA,7989.0,7954.730952309852,-34.269047690148,2001-01-01,2021-09-01,249,N/A,N/A,ok
2021-09-01,2021-11-01,2,SARIMA,8306.0,7586.42340227923,-719.5765977207702,2001-01-01,2021-09-01,249,N/A,N/A,ok
2021-09-01,2021-12-01,3,SARIMA,8132.0,7142.976088295212,-989.0239117047877,2001-01-01,2021-09-01,249,N/A,N/A,ok
2021-09-01,2022-01-01,4,SARIMA,8022.0,7850.048696048656,-171.95130395134402,2001-01-01,2021-09-01,249,N/A,N/A,ok
2021-09-01,2022-02-01,5,SARIMA,8262.0,7219.446073050643,-1042.5539269493574,2001-01-01,2021-09-01,249,N/A,N/A,ok
2021-09-01,2022-03-01,6,SARIMA,9563.0,8239.825198843482,-1323.1748011565178,2001-01-01,2021-09-01,249,N/A,N/A,ok
2021-09-01,2022-04-01,7,SARIMA,8215.0,7766.206909373167,-448.79309062683296,2001-01-01,2021-09-01,249,N/A,N/A,ok
2021-09-01,2022-05-01,8,SARIMA,8932.0,7746.585854848856,-1185.414145151144,2001-01-01,2021-09-01,249,N/A,N/A,ok
2021-09-01,2022-06-01,9,SARIMA,8135.0,7440.758754905607,-694.241245094393,2001-01-01,2021-09-01,249,N/A,N/A,ok
2021-09-01,2022-07-01,10,SARIMA,8647.0,7885.430161266588,-761.5698387334123,2001-01-01,2021-09-01,249,N/A,N/A,ok
2021-09-01,2022-08-01,11,SARIMA,9445.0,8318.567658555838,-1126.4323414441624,2001-01-01,2021-09-01,249,N/A,N/A,ok
2021-09-01,2022-09-01,12,SARIMA,8625.0,7944.792888467406,-680.2071115325944,2001-01-01,2021-09-01,249,N/A,N/A,ok
2021-10-01,2021-11-01,1,fractional,8306.0,7302.324540279806,-1003.6754597201943,2001-01-01,2021-10-01,250,20260815,TRAIN_ONLY_EXTRAPOLATION,ok
2021-10-01,2021-12-01,2,fractional,8132.0,7298.486282325815,-833.5137176741846,2001-01-01,2021-10-01,250,20260815,TRAIN_ONLY_EXTRAPOLATION,ok
2021-10-01,2022-01-01,3,fractional,8022.0,7294.655226638075,-727.344773361925,2001-01-01,2021-10-01,250,20260815,TRAIN_ONLY_EXTRAPOLATION,ok
2021-10-01,2022-02-01,4,fractional,8262.0,7290.818327167071,-971.1816728329286,2001-01-01,2021-10-01,250,20260815,TRAIN_ONLY_EXTRAPOLATION,ok
2021-10-01,2022-03-01,5,fractional,9563.0,7286.9669218859635,-2276.0330781140365,2001-01-01,2021-10-01,250,20260815,TRAIN_ONLY_EXTRAPOLATION,ok
2021-10-01,2022-04-01,6,fractional,8215.0,7283.095946781104,-931.9040532188956,2001-01-01,2021-10-01,250,20260815,TRAIN_ONLY_EXTRAPOLATION,ok
2021-10-01,2022-05-01,7,fractional,8932.0,7279.202080490766,-1652.797919509234,2001-01-01,2021-10-01,250,20260815,TRAIN_ONLY_EXTRAPOLATION,ok
2021-10-01,2022-06-01,8,fractional,8135.0,7275.282973035704,-859.7170269642957,2001-01-01,2021-10-01,250,20260815,TRAIN_ONLY_EXTRAPOLATION,ok
2021-10-01,2022-07-01,9,fractional,8647.0,7271.336873552995,-1375.6631264470052,2001-01-01,2021-10-01,250,20260815,TRAIN_ONLY_EXTRAPOLATION,ok
2021-10-01,2022-08-01,10,fractional,9445.0,7267.362428578315,-2177.6375714216847,2001-01-01,2021-10-01,250,20260815,TRAIN_ONLY_EXTRAPOLATION,ok
2021-10-01,2022-09-01,11,fractional,8625.0,7263.358561743749,-1361.6414382562507,2001-01-01,2021-10-01,250,20260815,TRAIN_ONLY_EXTRAPOLATION,ok
2021-10-01,2022-10-01,12,fractional,8404.0,7259.324400269426,-1144.6755997305736,2001-01-01,2021-10-01,250,20260815,TRAIN_ONLY_EXTRAPOLATION,ok
2021-10-01,2021-11-01,1,integer,8306.0,6687.814624420367,-1618.1853755796328,2001-01-01,2021-10-01,250,20260815,TRAIN_ONLY_EXTRAPOLATION,ok
2021-10-01,2021-12-01,2,integer,8132.0,6677.449839889305,-1454.5501601106953,2001-01-01,2021-10-01,250,20260815,TRAIN_ONLY_EXTRAPOLATION,ok
2021-10-01,2022-01-01,3,integer,8022.0,6667.066396133276,-1354.9336038667243,2001-01-01,2021-10-01,250,20260815,TRAIN_ONLY_EXTRAPOLATION,ok
2021-10-01,2022-02-01,4,integer,8262.0,6656.664150080644,-1605.3358499193564,2001-01-01,2021-10-01,250,20260815,TRAIN_ONLY_EXTRAPOLATION,ok
2021-10-01,2022-03-01,5,integer,9563.0,6646.242979400558,-2916.7570205994416,2001-01-01,2021-10-01,250,20260815,TRAIN_ONLY_EXTRAPOLATION,ok
2021-10-01,2022-04-01,6,integer,8215.0,6635.802781168371,-1579.1972188316286,2001-01-01,2021-10-01,250,20260815,TRAIN_ONLY_EXTRAPOLATION,ok
2021-10-01,2022-05-01,7,integer,8932.0,6625.343470614869,-2306.656529385131,2001-01-01,2021-10-01,250,20260815,TRAIN_ONLY_EXTRAPOLATION,ok
2021-10-01,2022-06-01,8,integer,8135.0,6614.864979956066,-1520.1350200439338,2001-01-01,2021-10-01,250,20260815,TRAIN_ONLY_EXTRAPOLATION,ok
2021-10-01,2022-07-01,9,integer,8647.0,6604.367257297272,-2042.6327427027281,2001-01-01,2021-10-01,250,20260815,TRAIN_ONLY_EXTRAPOLATION,ok
2021-10-01,2022-08-01,10,integer,9445.0,6593.850265609566,-2851.149734390434,2001-01-01,2021-10-01,250,20260815,TRAIN_ONLY_EXTRAPOLATION,ok
2021-10-01,2022-09-01,11,integer,8625.0,6583.313981770305,-2041.686018229695,2001-01-01,2021-10-01,250,20260815,TRAIN_ONLY_EXTRAPOLATION,ok
2021-10-01,2022-10-01,12,integer,8404.0,6572.75839566323,-1831.2416043367703,2001-01-01,2021-10-01,250,20260815,TRAIN_ONLY_EXTRAPOLATION,ok
2021-10-01,2021-11-01,1,persistence,8306.0,7989.0,-317.0,2001-01-01,2021-10-01,250,N/A,N/A,ok
2021-10-01,2021-12-01,2,persistence,8132.0,7989.0,-143.0,2001-01-01,2021-10-01,250,N/A,N/A,ok
2021-10-01,2022-01-01,3,persistence,8022.0,7989.0,-33.0,2001-01-01,2021-10-01,250,N/A,N/A,ok
2021-10-01,2022-02-01,4,persistence,8262.0,7989.0,-273.0,2001-01-01,2021-10-01,250,N/A,N/A,ok
2021-10-01,2022-03-01,5,persistence,9563.0,7989.0,-1574.0,2001-01-01,2021-10-01,250,N/A,N/A,ok
2021-10-01,2022-04-01,6,persistence,8215.0,7989.0,-226.0,2001-01-01,2021-10-01,250,N/A,N/A,ok
2021-10-01,2022-05-01,7,persistence,8932.0,7989.0,-943.0,2001-01-01,2021-10-01,250,N/A,N/A,ok
2021-10-01,2022-06-01,8,persistence,8135.0,7989.0,-146.0,2001-01-01,2021-10-01,250,N/A,N/A,ok
2021-10-01,2022-07-01,9,persistence,8647.0,7989.0,-658.0,2001-01-01,2021-10-01,250,N/A,N/A,ok
2021-10-01,2022-08-01,10,persistence,9445.0,7989.0,-1456.0,2001-01-01,2021-10-01,250,N/A,N/A,ok
2021-10-01,2022-09-01,11,persistence,8625.0,7989.0,-636.0,2001-01-01,2021-10-01,250,N/A,N/A,ok
2021-10-01,2022-10-01,12,persistence,8404.0,7989.0,-415.0,2001-01-01,2021-10-01,250,N/A,N/A,ok
2021-10-01,2021-11-01,1,seasonal_naive_12,8306.0,7159.0,-1147.0,2001-01-01,2021-10-01,250,N/A,N/A,ok
2021-10-01,2021-12-01,2,seasonal_naive_12,8132.0,6716.0,-1416.0,2001-01-01,2021-10-01,250,N/A,N/A,ok
2021-10-01,2022-01-01,3,seasonal_naive_12,8022.0,6948.0,-1074.0,2001-01-01,2021-10-01,250,N/A,N/A,ok
2021-10-01,2022-02-01,4,seasonal_naive_12,8262.0,6815.0,-1447.0,2001-01-01,2021-10-01,250,N/A,N/A,ok
2021-10-01,2022-03-01,5,seasonal_naive_12,9563.0,7592.0,-1971.0,2001-01-01,2021-10-01,250,N/A,N/A,ok
2021-10-01,2022-04-01,6,seasonal_naive_12,8215.0,7006.0,-1209.0,2001-01-01,2021-10-01,250,N/A,N/A,ok
2021-10-01,2022-05-01,7,seasonal_naive_12,8932.0,7022.0,-1910.0,2001-01-01,2021-10-01,250,N/A,N/A,ok
2021-10-01,2022-06-01,8,seasonal_naive_12,8135.0,7379.0,-756.0,2001-01-01,2021-10-01,250,N/A,N/A,ok
2021-10-01,2022-07-01,9,seasonal_naive_12,8647.0,7803.0,-844.0,2001-01-01,2021-10-01,250,N/A,N/A,ok
2021-10-01,2022-08-01,10,seasonal_naive_12,9445.0,8378.0,-1067.0,2001-01-01,2021-10-01,250,N/A,N/A,ok
2021-10-01,2022-09-01,11,seasonal_naive_12,8625.0,8406.0,-219.0,2001-01-01,2021-10-01,250,N/A,N/A,ok
2021-10-01,2022-10-01,12,seasonal_naive_12,8404.0,7989.0,-415.0,2001-01-01,2021-10-01,250,N/A,N/A,ok
2021-10-01,2021-11-01,1,SARIMA,8306.0,7595.091086190404,-710.908913809596,2001-01-01,2021-10-01,250,N/A,N/A,ok
2021-10-01,2021-12-01,2,SARIMA,8132.0,7153.4555674935245,-978.5444325064755,2001-01-01,2021-10-01,250,N/A,N/A,ok
2021-10-01,2022-01-01,3,SARIMA,8022.0,7860.178978255254,-161.82102174474585,2001-01-01,2021-10-01,250,N/A,N/A,ok
2021-10-01,2022-02-01,4,SARIMA,8262.0,7229.816198118676,-1032.1838018813241,2001-01-01,2021-10-01,250,N/A,N/A,ok
2021-10-01,2022-03-01,5,SARIMA,9563.0,8250.139301668081,-1312.8606983319187,2001-01-01,2021-10-01,250,N/A,N/A,ok
2021-10-01,2022-04-01,6,SARIMA,8215.0,7776.473092524152,-438.526907475848,2001-01-01,2021-10-01,250,N/A,N/A,ok
2021-10-01,2022-05-01,7,SARIMA,8932.0,7756.874511150125,-1175.1254888498752,2001-01-01,2021-10-01,250,N/A,N/A,ok
2021-10-01,2022-06-01,8,SARIMA,8135.0,7451.184541586535,-683.8154584134654,2001-01-01,2021-10-01,250,N/A,N/A,ok
2021-10-01,2022-07-01,9,SARIMA,8647.0,7895.875963287917,-751.1240367120827,2001-01-01,2021-10-01,250,N/A,N/A,ok
2021-10-01,2022-08-01,10,SARIMA,9445.0,8329.069657525868,-1115.930342474132,2001-01-01,2021-10-01,250,N/A,N/A,ok
2021-10-01,2022-09-01,11,SARIMA,8625.0,7955.375294721869,-669.6247052781309,2001-01-01,2021-10-01,250,N/A,N/A,ok
2021-10-01,2022-10-01,12,SARIMA,8404.0,8071.8094179341215,-332.1905820658785,2001-01-01,2021-10-01,250,N/A,N/A,ok
2021-11-01,2021-12-01,1,fractional,8132.0,7310.504399425583,-821.495600574417,2001-01-01,2021-11-01,251,20260815,TRAIN_ONLY_EXTRAPOLATION,ok
2021-11-01,2022-01-01,2,fractional,8022.0,7306.4297965853475,-715.5702034146525,2001-01-01,2021-11-01,251,20260815,TRAIN_ONLY_EXTRAPOLATION,ok
2021-11-01,2022-02-01,3,fractional,8262.0,7302.360217754729,-959.6397822452709,2001-01-01,2021-11-01,251,20260815,TRAIN_ONLY_EXTRAPOLATION,ok
2021-11-01,2022-03-01,4,fractional,9563.0,7298.280625286279,-2264.7193747137208,2001-01-01,2021-11-01,251,20260815,TRAIN_ONLY_EXTRAPOLATION,ok
2021-11-01,2022-04-01,5,fractional,8215.0,7294.1810991920065,-920.8189008079935,2001-01-01,2021-11-01,251,20260815,TRAIN_ONLY_EXTRAPOLATION,ok
2021-11-01,2022-05-01,6,fractional,8932.0,7290.055929353461,-1641.9440706465393,2001-01-01,2021-11-01,251,20260815,TRAIN_ONLY_EXTRAPOLATION,ok
2021-11-01,2022-06-01,7,fractional,8135.0,7285.90147613897,-849.0985238610301,2001-01-01,2021-11-01,251,20260815,TRAIN_ONLY_EXTRAPOLATION,ok
2021-11-01,2022-07-01,8,fractional,8647.0,7281.71526422794,-1365.2847357720602,2001-01-01,2021-11-01,251,20260815,TRAIN_ONLY_EXTRAPOLATION,ok
2021-11-01,2022-08-01,9,fractional,9445.0,7277.495534893824,-2167.504465106176,2001-01-01,2021-11-01,251,20260815,TRAIN_ONLY_EXTRAPOLATION,ok
2021-11-01,2022-09-01,10,fractional,8625.0,7273.240999741945,-1351.7590002580546,2001-01-01,2021-11-01,251,20260815,TRAIN_ONLY_EXTRAPOLATION,ok
2021-11-01,2022-10-01,11,fractional,8404.0,7268.9506930462085,-1135.0493069537915,2001-01-01,2021-11-01,251,20260815,TRAIN_ONLY_EXTRAPOLATION,ok
2021-11-01,2022-11-01,12,fractional,7829.0,7264.623878980754,-564.376121019246,2001-01-01,2021-11-01,251,20260815,TRAIN_ONLY_EXTRAPOLATION,ok
2021-11-01,2021-12-01,1,integer,8132.0,6644.297038635705,-1487.7029613642953,2001-01-01,2021-11-01,251,20260815,TRAIN_ONLY_EXTRAPOLATION,ok
2021-11-01,2022-01-01,2,integer,8022.0,6633.898328675656,-1388.1016713243444,2001-01-01,2021-11-01,251,20260815,TRAIN_ONLY_EXTRAPOLATION,ok
2021-11-01,2022-02-01,3,integer,8262.0,6623.481943347957,-1638.518056652043,2001-01-01,2021-11-01,251,20260815,TRAIN_ONLY_EXTRAPOLATION,ok
2021-11-01,2022-03-01,4,integer,9563.0,6613.047752423212,-2949.952247576788,2001-01-01,2021-11-01,251,20260815,TRAIN_ONLY_EXTRAPOLATION,ok
2021-11-01,2022-04-01,5,integer,8215.0,6602.595644415822,-1612.4043555841781,2001-01-01,2021-11-01,251,20260815,TRAIN_ONLY_EXTRAPOLATION,ok
2021-11-01,2022-05-01,6,integer,8932.0,6592.125525431009,-2339.874474568991,2001-01-01,2021-11-01,251,20260815,TRAIN_ONLY_EXTRAPOLATION,ok
2021-11-01,2022-06-01,7,integer,8135.0,6581.637318087043,-1553.3626819129568,2001-01-01,2021-11-01,251,20260815,TRAIN_ONLY_EXTRAPOLATION,ok
2021-11-01,2022-07-01,8,integer,8647.0,6571.130960497772,-2075.8690395022277,2001-01-01,2021-11-01,251,20260815,TRAIN_ONLY_EXTRAPOLATION,ok
2021-11-01,2022-08-01,9,integer,9445.0,6560.606405321974,-2884.3935946780257,2001-01-01,2021-11-01,251,20260815,TRAIN_ONLY_EXTRAPOLATION,ok
2021-11-01,2022-09-01,10,integer,8625.0,6550.063618866494,-2074.936381133506,2001-01-01,2021-11-01,251,20260815,TRAIN_ONLY_EXTRAPOLATION,ok
2021-11-01,2022-10-01,11,integer,8404.0,6539.502580248984,-1864.4974197510164,2001-01-01,2021-11-01,251,20260815,TRAIN_ONLY_EXTRAPOLATION,ok
2021-11-01,2022-11-01,12,integer,7829.0,6528.923280606046,-1300.0767193939537,2001-01-01,2021-11-01,251,20260815,TRAIN_ONLY_EXTRAPOLATION,ok
2021-11-01,2021-12-01,1,persistence,8132.0,8306.0,174.0,2001-01-01,2021-11-01,251,N/A,N/A,ok
2021-11-01,2022-01-01,2,persistence,8022.0,8306.0,284.0,2001-01-01,2021-11-01,251,N/A,N/A,ok
2021-11-01,2022-02-01,3,persistence,8262.0,8306.0,44.0,2001-01-01,2021-11-01,251,N/A,N/A,ok
2021-11-01,2022-03-01,4,persistence,9563.0,8306.0,-1257.0,2001-01-01,2021-11-01,251,N/A,N/A,ok
2021-11-01,2022-04-01,5,persistence,8215.0,8306.0,91.0,2001-01-01,2021-11-01,251,N/A,N/A,ok
2021-11-01,2022-05-01,6,persistence,8932.0,8306.0,-626.0,2001-01-01,2021-11-01,251,N/A,N/A,ok
2021-11-01,2022-06-01,7,persistence,8135.0,8306.0,171.0,2001-01-01,2021-11-01,251,N/A,N/A,ok
2021-11-01,2022-07-01,8,persistence,8647.0,8306.0,-341.0,2001-01-01,2021-11-01,251,N/A,N/A,ok
2021-11-01,2022-08-01,9,persistence,9445.0,8306.0,-1139.0,2001-01-01,2021-11-01,251,N/A,N/A,ok
2021-11-01,2022-09-01,10,persistence,8625.0,8306.0,-319.0,2001-01-01,2021-11-01,251,N/A,N/A,ok
2021-11-01,2022-10-01,11,persistence,8404.0,8306.0,-98.0,2001-01-01,2021-11-01,251,N/A,N/A,ok
2021-11-01,2022-11-01,12,persistence,7829.0,8306.0,477.0,2001-01-01,2021-11-01,251,N/A,N/A,ok
2021-11-01,2021-12-01,1,seasonal_naive_12,8132.0,6716.0,-1416.0,2001-01-01,2021-11-01,251,N/A,N/A,ok
2021-11-01,2022-01-01,2,seasonal_naive_12,8022.0,6948.0,-1074.0,2001-01-01,2021-11-01,251,N/A,N/A,ok
2021-11-01,2022-02-01,3,seasonal_naive_12,8262.0,6815.0,-1447.0,2001-01-01,2021-11-01,251,N/A,N/A,ok
2021-11-01,2022-03-01,4,seasonal_naive_12,9563.0,7592.0,-1971.0,2001-01-01,2021-11-01,251,N/A,N/A,ok
2021-11-01,2022-04-01,5,seasonal_naive_12,8215.0,7006.0,-1209.0,2001-01-01,2021-11-01,251,N/A,N/A,ok
2021-11-01,2022-05-01,6,seasonal_naive_12,8932.0,7022.0,-1910.0,2001-01-01,2021-11-01,251,N/A,N/A,ok
2021-11-01,2022-06-01,7,seasonal_naive_12,8135.0,7379.0,-756.0,2001-01-01,2021-11-01,251,N/A,N/A,ok
2021-11-01,2022-07-01,8,seasonal_naive_12,8647.0,7803.0,-844.0,2001-01-01,2021-11-01,251,N/A,N/A,ok
2021-11-01,2022-08-01,9,seasonal_naive_12,9445.0,8378.0,-1067.0,2001-01-01,2021-11-01,251,N/A,N/A,ok
2021-11-01,2022-09-01,10,seasonal_naive_12,8625.0,8406.0,-219.0,2001-01-01,2021-11-01,251,N/A,N/A,ok
2021-11-01,2022-10-01,11,seasonal_naive_12,8404.0,7989.0,-415.0,2001-01-01,2021-11-01,251,N/A,N/A,ok
2021-11-01,2022-11-01,12,seasonal_naive_12,7829.0,8306.0,477.0,2001-01-01,2021-11-01,251,N/A,N/A,ok
2021-11-01,2021-12-01,1,SARIMA,8132.0,7329.697797101626,-802.3022028983742,2001-01-01,2021-11-01,251,N/A,N/A,ok
2021-11-01,2022-01-01,2,SARIMA,8022.0,8083.91509776983,61.91509776983003,2001-01-01,2021-11-01,251,N/A,N/A,ok
2021-11-01,2022-02-01,3,SARIMA,8262.0,7456.79974846798,-805.20025153202,2001-01-01,2021-11-01,251,N/A,N/A,ok
2021-11-01,2022-03-01,4,SARIMA,9563.0,8475.426090620374,-1087.5739093796255,2001-01-01,2021-11-01,251,N/A,N/A,ok
2021-11-01,2022-04-01,5,SARIMA,8215.0,8001.05529610821,-213.9447038917897,2001-01-01,2021-11-01,251,N/A,N/A,ok
2021-11-01,2022-05-01,6,SARIMA,8932.0,7981.585989486814,-950.4140105131864,2001-01-01,2021-11-01,251,N/A,N/A,ok
2021-11-01,2022-06-01,7,SARIMA,8135.0,7681.272507332071,-453.72749266792925,2001-01-01,2021-11-01,251,N/A,N/A,ok
2021-11-01,2022-07-01,8,SARIMA,8647.0,8125.994521040565,-521.0054789594351,2001-01-01,2021-11-01,251,N/A,N/A,ok
2021-11-01,2022-08-01,9,SARIMA,9445.0,8560.50506834202,-884.4949316579805,2001-01-01,2021-11-01,251,N/A,N/A,ok
2021-11-01,2022-09-01,10,SARIMA,8625.0,8190.043168432302,-434.9568315676979,2001-01-01,2021-11-01,251,N/A,N/A,ok
2021-11-01,2022-10-01,11,SARIMA,8404.0,8302.539189203344,-101.460810796656,2001-01-01,2021-11-01,251,N/A,N/A,ok
2021-11-01,2022-11-01,12,SARIMA,7829.0,8016.709183273748,187.70918327374784,2001-01-01,2021-11-01,251,N/A,N/A,ok
2021-12-01,2022-01-01,1,fractional,8022.0,7299.0082290917635,-722.9917709082365,2001-01-01,2021-12-01,252,20260815,TRAIN_ONLY_EXTRAPOLATION,ok
2021-12-01,2022-02-01,2,fractional,8262.0,7295.097396329511,-966.902603670489,2001-01-01,2021-12-01,252,20260815,TRAIN_ONLY_EXTRAPOLATION,ok
2021-12-01,2022-03-01,3,fractional,9563.0,7291.200863902224,-2271.7991360977758,2001-01-01,2021-12-01,252,20260815,TRAIN_ONLY_EXTRAPOLATION,ok
2021-12-01,2022-04-01,4,fractional,8215.0,7287.3032402116805,-927.6967597883195,2001-01-01,2021-12-01,252,20260815,TRAIN_ONLY_EXTRAPOLATION,ok
2021-12-01,2022-05-01,5,fractional,8932.0,7283.3943091095425,-1648.6056908904575,2001-01-01,2021-12-01,252,20260815,TRAIN_ONLY_EXTRAPOLATION,ok
2021-12-01,2022-06-01,6,fractional,8135.0,7279.468116706703,-855.5318832932971,2001-01-01,2021-12-01,252,20260815,TRAIN_ONLY_EXTRAPOLATION,ok
2021-12-01,2022-07-01,7,fractional,8647.0,7275.520768279908,-1371.4792317200918,2001-01-01,2021-12-01,252,20260815,TRAIN_ONLY_EXTRAPOLATION,ok
2021-12-01,2022-08-01,8,fractional,9445.0,7271.549515659688,-2173.450484340312,2001-01-01,2021-12-01,252,20260815,TRAIN_ONLY_EXTRAPOLATION,ok
2021-12-01,2022-09-01,9,fractional,8625.0,7267.552314288216,-1357.4476857117843,2001-01-01,2021-12-01,252,20260815,TRAIN_ONLY_EXTRAPOLATION,ok
2021-12-01,2022-10-01,10,fractional,8404.0,7263.527585222386,-1140.4724147776142,2001-01-01,2021-12-01,252,20260815,TRAIN_ONLY_EXTRAPOLATION,ok
2021-12-01,2022-11-01,11,fractional,7829.0,7259.474073646357,-569.5259263536427,2001-01-01,2021-12-01,252,20260815,TRAIN_ONLY_EXTRAPOLATION,ok
2021-12-01,2022-12-01,12,fractional,7727.0,7255.390761175426,-471.6092388245743,2001-01-01,2021-12-01,252,20260815,TRAIN_ONLY_EXTRAPOLATION,ok
2021-12-01,2022-01-01,1,integer,8022.0,6582.271346440539,-1439.7286535594612,2001-01-01,2021-12-01,252,20260815,TRAIN_ONLY_EXTRAPOLATION,ok
2021-12-01,2022-02-01,2,integer,8262.0,6571.267687661806,-1690.7323123381939,2001-01-01,2021-12-01,252,20260815,TRAIN_ONLY_EXTRAPOLATION,ok
2021-12-01,2022-03-01,3,integer,9563.0,6560.245989168063,-3002.754010831937,2001-01-01,2021-12-01,252,20260815,TRAIN_ONLY_EXTRAPOLATION,ok
2021-12-01,2022-04-01,4,integer,8215.0,6549.205845355056,-1665.7941546449438,2001-01-01,2021-12-01,252,20260815,TRAIN_ONLY_EXTRAPOLATION,ok
2021-12-01,2022-05-01,5,integer,8932.0,6538.146917723818,-2393.8530822761822,2001-01-01,2021-12-01,252,20260815,TRAIN_ONLY_EXTRAPOLATION,ok
2021-12-01,2022-06-01,6,integer,8135.0,6527.068927473389,-1607.9310725266114,2001-01-01,2021-12-01,252,20260815,TRAIN_ONLY_EXTRAPOLATION,ok
2021-12-01,2022-07-01,7,integer,8647.0,6515.971648917999,-2131.028351082001,2001-01-01,2021-12-01,252,20260815,TRAIN_ONLY_EXTRAPOLATION,ok
2021-12-01,2022-08-01,8,integer,9445.0,6504.854903624393,-2940.145096375607,2001-01-01,2021-12-01,252,20260815,TRAIN_ONLY_EXTRAPOLATION,ok
2021-12-01,2022-09-01,9,integer,8625.0,6493.718555194093,-2131.281444805907,2001-01-01,2021-12-01,252,20260815,TRAIN_ONLY_EXTRAPOLATION,ok
2021-12-01,2022-10-01,10,integer,8404.0,6482.562504625414,-1921.4374953745864,2001-01-01,2021-12-01,252,20260815,TRAIN_ONLY_EXTRAPOLATION,ok
2021-12-01,2022-11-01,11,integer,7829.0,6471.386686180253,-1357.6133138197474,2001-01-01,2021-12-01,252,20260815,TRAIN_ONLY_EXTRAPOLATION,ok
2021-12-01,2022-12-01,12,integer,7727.0,6460.191063707927,-1266.8089362920728,2001-01-01,2021-12-01,252,20260815,TRAIN_ONLY_EXTRAPOLATION,ok
2021-12-01,2022-01-01,1,persistence,8022.0,8132.0,110.0,2001-01-01,2021-12-01,252,N/A,N/A,ok
2021-12-01,2022-02-01,2,persistence,8262.0,8132.0,-130.0,2001-01-01,2021-12-01,252,N/A,N/A,ok
2021-12-01,2022-03-01,3,persistence,9563.0,8132.0,-1431.0,2001-01-01,2021-12-01,252,N/A,N/A,ok
2021-12-01,2022-04-01,4,persistence,8215.0,8132.0,-83.0,2001-01-01,2021-12-01,252,N/A,N/A,ok
2021-12-01,2022-05-01,5,persistence,8932.0,8132.0,-800.0,2001-01-01,2021-12-01,252,N/A,N/A,ok
2021-12-01,2022-06-01,6,persistence,8135.0,8132.0,-3.0,2001-01-01,2021-12-01,252,N/A,N/A,ok
2021-12-01,2022-07-01,7,persistence,8647.0,8132.0,-515.0,2001-01-01,2021-12-01,252,N/A,N/A,ok
2021-12-01,2022-08-01,8,persistence,9445.0,8132.0,-1313.0,2001-01-01,2021-12-01,252,N/A,N/A,ok
2021-12-01,2022-09-01,9,persistence,8625.0,8132.0,-493.0,2001-01-01,2021-12-01,252,N/A,N/A,ok
2021-12-01,2022-10-01,10,persistence,8404.0,8132.0,-272.0,2001-01-01,2021-12-01,252,N/A,N/A,ok
2021-12-01,2022-11-01,11,persistence,7829.0,8132.0,303.0,2001-01-01,2021-12-01,252,N/A,N/A,ok
2021-12-01,2022-12-01,12,persistence,7727.0,8132.0,405.0,2001-01-01,2021-12-01,252,N/A,N/A,ok
2021-12-01,2022-01-01,1,seasonal_naive_12,8022.0,6948.0,-1074.0,2001-01-01,2021-12-01,252,N/A,N/A,ok
2021-12-01,2022-02-01,2,seasonal_naive_12,8262.0,6815.0,-1447.0,2001-01-01,2021-12-01,252,N/A,N/A,ok
2021-12-01,2022-03-01,3,seasonal_naive_12,9563.0,7592.0,-1971.0,2001-01-01,2021-12-01,252,N/A,N/A,ok
2021-12-01,2022-04-01,4,seasonal_naive_12,8215.0,7006.0,-1209.0,2001-01-01,2021-12-01,252,N/A,N/A,ok
2021-12-01,2022-05-01,5,seasonal_naive_12,8932.0,7022.0,-1910.0,2001-01-01,2021-12-01,252,N/A,N/A,ok
2021-12-01,2022-06-01,6,seasonal_naive_12,8135.0,7379.0,-756.0,2001-01-01,2021-12-01,252,N/A,N/A,ok
2021-12-01,2022-07-01,7,seasonal_naive_12,8647.0,7803.0,-844.0,2001-01-01,2021-12-01,252,N/A,N/A,ok
2021-12-01,2022-08-01,8,seasonal_naive_12,9445.0,8378.0,-1067.0,2001-01-01,2021-12-01,252,N/A,N/A,ok
2021-12-01,2022-09-01,9,seasonal_naive_12,8625.0,8406.0,-219.0,2001-01-01,2021-12-01,252,N/A,N/A,ok
2021-12-01,2022-10-01,10,seasonal_naive_12,8404.0,7989.0,-415.0,2001-01-01,2021-12-01,252,N/A,N/A,ok
2021-12-01,2022-11-01,11,seasonal_naive_12,7829.0,8306.0,477.0,2001-01-01,2021-12-01,252,N/A,N/A,ok
2021-12-01,2022-12-01,12,seasonal_naive_12,7727.0,8132.0,405.0,2001-01-01,2021-12-01,252,N/A,N/A,ok
2021-12-01,2022-01-01,1,SARIMA,8022.0,8275.538041036105,253.53804103610491,2001-01-01,2021-12-01,252,N/A,N/A,ok
2021-12-01,2022-02-01,2,SARIMA,8262.0,7718.586219937322,-543.4137800626777,2001-01-01,2021-12-01,252,N/A,N/A,ok
2021-12-01,2022-03-01,3,SARIMA,9563.0,8736.040739152091,-826.9592608479088,2001-01-01,2021-12-01,252,N/A,N/A,ok
2021-12-01,2022-04-01,4,SARIMA,8215.0,8261.137346802157,46.13734680215748,2001-01-01,2021-12-01,252,N/A,N/A,ok
2021-12-01,2022-05-01,5,SARIMA,8932.0,8241.782659746119,-690.217340253881,2001-01-01,2021-12-01,252,N/A,N/A,ok
2021-12-01,2022-06-01,6,SARIMA,8135.0,7944.557183772449,-190.4428162275508,2001-01-01,2021-12-01,252,N/A,N/A,ok
2021-12-01,2022-07-01,7,SARIMA,8647.0,8389.282328099192,-257.71767190080755,2001-01-01,2021-12-01,252,N/A,N/A,ok
2021-12-01,2022-08-01,8,SARIMA,9445.0,8824.516677822186,-620.4833221778135,2001-01-01,2021-12-01,252,N/A,N/A,ok
2021-12-01,2022-09-01,9,SARIMA,8625.0,8455.90685095694,-169.09314904305938,2001-01-01,2021-12-01,252,N/A,N/A,ok
2021-12-01,2022-10-01,10,SARIMA,8404.0,8566.094335030693,162.0943350306934,2001-01-01,2021-12-01,252,N/A,N/A,ok
2021-12-01,2022-11-01,11,SARIMA,7829.0,8283.46487828332,454.4648782833192,2001-01-01,2021-12-01,252,N/A,N/A,ok
2021-12-01,2022-12-01,12,SARIMA,7727.0,7888.477052530266,161.4770525302656,2001-01-01,2021-12-01,252,N/A,N/A,ok
